portal,data_publicacao,titulo,url,crime_violento,arquivo_origem,categoria,tipo_principal,tipo_detalhado,gravidade,genero_vitima,idade_vitima,faixa_etaria
emtempo,2025-12-04,Ação integrada apreende 370 kg de cocaína no Rio Solimões,https://emtempo.com.br/438454/policia/ficco-am-apreensao-cocaina-rio-solimoes/,FALSE,noticias_raw_emtempo_20251201_20251215.csv,Outros,Não classificado com precisão,Requer análise manual,indefinida,indefinido,NA,idade não informada
emtempo,2025-12-04,Acareação entre médica e técnica vai esclarecer morte de Benício Xavier nesta quinta,https://emtempo.com.br/438245/policia/acareacao-entre-medica-e-tecnica-vai-esclarecer-morte-de-benicio-xavier-nesta-quinta/,TRUE,noticias_raw_emtempo_20251201_20251215.csv,Crime Letal Violento,Homicídio,Homicídio consumado,extrema,indefinido,NA,idade não informada
d24am,2025-12-12,Acusado de homicídio em 2012 é encontrado e preso após anos de fuga,https://d24am.com/policia/acusado-de-homicidio-em-2012-e-encontrado-e-preso-apos-anos-de-fuga/,TRUE,noticias_raw_d24am_20251201_20251215.csv,Crime Letal Violento,Homicídio,Homicídio consumado,extrema,indefinido,NA,idade não informada
emtempo,2025-12-15,Adolescente é apreendida com cocaína no Aeroporto de Tabatinga,https://emtempo.com.br/440154/policia/adolescente-e-apreendida-com-cocaina-no-aeroporto-de-tabatinga/,FALSE,noticias_raw_emtempo_20251201_20251215.csv,Outros,Não classificado com precisão,Requer análise manual,indefinida,indefinido,NA,idade não informada
emtempo,2025-12-08,Adolescente é apreendido após estuprar prima de 3 anos no AM,https://emtempo.com.br/438892/policia/adolescente-e-apreendido-apos-estuprar-prima-de-3-anos-no-am/,FALSE,noticias_raw_emtempo_20251201_20251215.csv,Outros,Não classificado com precisão,Requer análise manual,indefinida,indefinido,3,0-11 (criança)
acritica,2025-12-08,Adolescente é apreendido em beco da zona Leste por susposto tráfico de drogas,https://www.acritica.com/policia/adolescente-e-apreendido-em-beco-da-zona-leste-por-susposto-trafico-de-drogas-1.390861,TRUE,noticias_raw_acritica_20251201_20251215.csv,Crime Organizado,Tráfico de Drogas/Facções,Tráfico associado a facção criminosa,alta,indefinido,NA,idade não informada
acritica,2025-12-05,Adolescente é apreendido por tentativa de homicídio em Manaus,https://www.acritica.com/policia/adolescente-e-apreendido-por-tentativa-de-homicidio-em-manaus-1.390686,TRUE,noticias_raw_acritica_20251201_20251215.csv,Crime Letal Violento,Homicídio,Homicídio consumado,extrema,indefinido,NA,idade não informada
emtempo,2025-12-01,Alerta em Manaus: 19 vítimas caem no golpe da venda de terrenos falsos,https://emtempo.com.br/437734/policia/alerta-em-manaus-19-vitimas-caem-no-golpe-da-venda-de-terrenos-falsos/,FALSE,noticias_raw_emtempo_20251201_20251215.csv,Outros,Não classificado com precisão,Requer análise manual,indefinida,indefinido,NA,idade não informada
emtempo,2025-12-09,Amazonas tem 8 criminosos entre os mais procurados do país; veja lista nacional,https://emtempo.com.br/439022/policia/ministerio-lanca-site-com-foragidos-mais-procurados-oito-alvos-sao-do-am/,FALSE,noticias_raw_emtempo_20251201_20251215.csv,Outros,Não classificado com precisão,Requer análise manual,indefinida,indefinido,NA,idade não informada
emtempo,2025-12-11,Amazonas tem reduções recordes no crime em 2025,https://emtempo.com.br/439516/policia/amazonas-reducoes-recordes-criminalidade-2025/,FALSE,noticias_raw_emtempo_20251201_20251215.csv,Outros,Não classificado com precisão,Requer análise manual,indefinida,indefinido,NA,idade não informada
acritica,2025-12-02,"Após abordagem policial, homem é preso em flagrante por tráfico de drogas",https://www.acritica.com/policia/apos-abordagem-policial-homem-e-preso-em-flagrante-por-trafico-de-drogas-1.390376,TRUE,noticias_raw_acritica_20251201_20251215.csv,Crime Organizado,Tráfico de Drogas/Facções,Tráfico associado a facção criminosa,alta,masculino,NA,idade não informada
g1_amazonas,2025-12-14,"Após cinco dias de julgamento, TJAM condena primeiros réus do Massacre do Compaj com 56 mortos",https://g1.globo.com/am/amazonas/noticia/2025/12/14/apos-cinco-dias-de-julgamento-tjam-condena-primeiros-reus-do-massacre-do-compaj-com-56-mortos.ghtml,TRUE,noticias_raw_g1_amazonas_20251214_20251214.csv,Crime Letal Violento,Chacina,Homicídio múltiplo,extrema,indefinido,NA,idade não informada
acritica,2025-12-05,"Barco peixeiro é apreendido com 1,7 tonelada de maconha skank no rio Solimões",https://www.acritica.com/policia/barco-peixeiro-e-apreendido-com-1-7-tonelada-de-maconha-skank-no-rio-solim-es-1.390639,FALSE,noticias_raw_acritica_20251201_20251215.csv,Outros,Não classificado com precisão,Requer análise manual,indefinida,indefinido,NA,idade não informada
emtempo,2025-12-11,Bebê morto em cirurgia tem corpo exumado no AM após suspeita de erro em anestesia,https://emtempo.com.br/439550/policia/bebe-morto-em-cirurgia-tem-corpo-exumado-no-am-apos-suspeita-de-erro-em-anestesia/,TRUE,noticias_raw_emtempo_20251201_20251215.csv,Crime Letal Violento,Homicídio,Homicídio consumado,extrema,indefinido,NA,idade não informada
emtempo,2025-12-13,"‘Bélgica’ é executado com mais de 10 tiros no CSU da Compensa, em Manaus",https://emtempo.com.br/439906/policia/belgica-e-executado-com-mais-de-10-tiros-no-csu-da-compensa-em-manaus/,TRUE,noticias_raw_emtempo_20251201_20251215.csv,Crime Letal Violento,Homicídio,Homicídio consumado,extrema,indefinido,NA,idade não informada
acritica,2025-12-13,"'Belgica' é executado com pelo menos 15 tiros na cabeça, na zona oeste de Manaus",https://www.acritica.com/policia/belgica-e-executado-com-pelo-menos-15-tiros-na-cabeca-na-zona-oeste-de-manaus-1.391302,TRUE,noticias_raw_acritica_20251201_20251215.csv,Crime Letal Violento,Homicídio,Homicídio consumado,extrema,indefinido,NA,idade não informada
emtempo,2025-12-12,"Benício recebeu 15 vezes mais adrenalina que o recomendado, diz médica de UTI pediátrica",https://emtempo.com.br/439724/policia/benicio-recebeu-15-vezes-mais-adrenalina-que-o-recomendado-diz-medica-de-uti-pediatrica/,FALSE,noticias_raw_emtempo_20251201_20251215.csv,Outros,Não classificado com precisão,Requer análise manual,indefinida,indefinido,NA,idade não informada
emtempo,2025-12-15,Briga entre moradores de rua termina com homem esfaqueado em Manaus,https://emtempo.com.br/440000/policia/briga-entre-moradores-de-rua-termina-com-homem-esfaqueado-em-manaus/,TRUE,noticias_raw_emtempo_20251201_20251215.csv,Lesão Corporal Grave,Esfaqueamento,Lesão com instrumento cortante,alta,masculino,NA,idade não informada
emtempo,2025-12-12,Cadela policial encontra 42 kg de skunk escondidos em balsa no Amazonas,https://emtempo.com.br/439734/policia/cadela-policial-encontra-42-kg-de-skunk-escondidos-em-balsa-no-amazonas/,FALSE,noticias_raw_emtempo_20251201_20251215.csv,Outros,Não classificado com precisão,Requer análise manual,indefinida,indefinido,NA,idade não informada
d24am,2025-12-14,Câmeras registram assalto violento a estabelecimento comercial em Manaus,https://d24am.com/policia/cameras-registram-assalto-violento-a-estabelecimento-comercial-em-manaus/,TRUE,noticias_raw_d24am_20251201_20251215.csv,Roubo Violento,Roubo/Assalto,Roubo/assalto com confronto,alta,indefinido,NA,idade não informada
emtempo,2025-12-10,Cão é resgatado após maus-tratos em residência na Zona Oeste,https://emtempo.com.br/439454/policia/maus-tratos-cao-manaus/,FALSE,noticias_raw_emtempo_20251201_20251215.csv,Outros,Não classificado com precisão,Requer análise manual,indefinida,indefinido,NA,idade não informada
emtempo,2025-12-09,"Caso Benício: ao contrário da médica, técnica tem habeas corpus negado",https://emtempo.com.br/439125/policia/caso-benicio-ao-contrario-da-medica-tecnica-tem-habeas-corpus-negado/,FALSE,noticias_raw_emtempo_20251201_20251215.csv,Outros,Não classificado com precisão,Requer análise manual,indefinida,indefinido,NA,idade não informada
emtempo,2025-12-11,Caso Benício: equipe escondeu prescrição de adrenalina por medo de alteração da médica,https://emtempo.com.br/439529/policia/caso-benicio-equipe-escondeu-prescricao-de-adrenalina-por-medo-de-alteracao-da-medica/,FALSE,noticias_raw_emtempo_20251201_20251215.csv,Outros,Não classificado com precisão,Requer análise manual,indefinida,indefinido,NA,idade não informada
emtempo,2025-12-01,Caso Benício: família protesta e aponta erro médico e ausência de farmacêutico no hospital,https://emtempo.com.br/437694/policia/caso-benicio-familia-protesta-e-aponta-erro-medico-e-ausencia-de-farmaceutico-no-hospital/,FALSE,noticias_raw_emtempo_20251201_20251215.csv,Outros,Não classificado com precisão,Requer análise manual,indefinida,indefinido,NA,idade não informada
d24am,2025-12-14,Caso Benício: médica pode responder por uso indevido de título de pediatria,https://d24am.com/policia/caso-benicio-medica-pode-responder-por-uso-indevido-de-titulo-de-pediatria/,FALSE,noticias_raw_d24am_20251201_20251215.csv,Outros,Não classificado com precisão,Requer análise manual,indefinida,indefinido,NA,idade não informada
emtempo,2025-12-14,"Caso Benício: Médica usava carimbo de pediatria sem especialidade, aponta investigação",https://emtempo.com.br/439960/policia/caso-benicio-medica-usava-carimbo-de-pediatria-sem-especialidade-aponta-investigacao/,FALSE,noticias_raw_emtempo_20251201_20251215.csv,Outros,Não classificado com precisão,Requer análise manual,indefinida,indefinido,NA,idade não informada
g1_amazonas,2025-12-14,"Caso Benício: médica usava carimbo de pediatria sem ter especialidade e pode responder por falsidade ideológica, diz delegado",https://g1.globo.com/am/amazonas/noticia/2025/12/14/caso-benicio-medica-usava-carimbo-de-pediatria-sem-ter-especialidade-e-pode-responder-por-falsidade-ideologica-diz-delegado.ghtml,FALSE,noticias_raw_g1_amazonas_20251214_20251214.csv,Outros,Não classificado com precisão,Requer análise manual,indefinida,indefinido,NA,idade não informada
emtempo,2025-12-15,Caso Benício: Polícia pede prisão de médica e técnica de enfermagem,https://emtempo.com.br/440054/policia/caso-benicio-policia-pede-prisao-de-medica-e-tecnica-de-enfermagem/,FALSE,noticias_raw_emtempo_20251201_20251215.csv,Outros,Não classificado com precisão,Requer análise manual,indefinida,indefinido,NA,idade não informada
emtempo,2025-12-01,Caso Benício: prints são reais e mostram médica admitindo erro em dose de adrenalina,https://emtempo.com.br/437699/policia/caso-benicio-prints-sao-reais-e-mostram-medica-admitindo-erro-em-dose-de-adrenalina/,FALSE,noticias_raw_emtempo_20251201_20251215.csv,Outros,Não classificado com precisão,Requer análise manual,indefinida,indefinido,NA,idade não informada
acritica,2025-12-07,Clonagem de número de celular cresce em Manaus e preocupa autoridades,https://www.acritica.com/policia/clonagem-de-numero-de-celular-cresce-em-manaus-e-preocupa-autoridades-1.390778,FALSE,noticias_raw_acritica_20251201_20251215.csv,Outros,Não classificado com precisão,Requer análise manual,indefinida,indefinido,NA,idade não informada
d24am,2025-12-15,Cocaína avaliada em R$ 290 mil é encontrada dentro de embarcação no AM,https://d24am.com/policia/cocaina-avaliada-em-r-290-mil-e-encontrada-dentro-de-embarcacao-no-am/,FALSE,noticias_raw_d24am_20251201_20251215.csv,Outros,Não classificado com precisão,Requer análise manual,indefinida,indefinido,NA,idade não informada
emtempo,2025-12-15,Colombianos são presos ao tentar embarcar com cocaína em voo de Tabatinga para Manaus,https://emtempo.com.br/440220/policia/colombianos-sao-presos-ao-tentar-embarcar-com-cocaina-em-voo-de-tabatinga-para-manaus/,FALSE,noticias_raw_emtempo_20251201_20251215.csv,Outros,Não classificado com precisão,Requer análise manual,indefinida,indefinido,NA,idade não informada
emtempo,2025-12-13,Colombianos são presos com 292 kg de drogas na fronteira do Amazonas,https://emtempo.com.br/439852/policia/colombianos-sao-presos-com-292-kg-de-drogas-na-fronteira-do-amazonas/,FALSE,noticias_raw_emtempo_20251201_20251215.csv,Outros,Não classificado com precisão,Requer análise manual,indefinida,indefinido,NA,idade não informada
acritica,2025-12-08,"Com mandado em aberto, mulher é presa por desacato na zona Leste de Manaus",https://www.acritica.com/policia/com-mandado-em-aberto-mulher-e-presa-por-desacato-na-zona-leste-de-manaus-1.390879,FALSE,noticias_raw_acritica_20251201_20251215.csv,Outros,Não classificado com precisão,Requer análise manual,indefinida,feminino,NA,idade não informada
acritica,2025-12-13,"Com mandado em aberto por tráfico, ""Capacete"" é preso na zona Leste de Manaus",https://www.acritica.com/policia/com-mandado-em-aberto-por-trafico-capacete-e-preso-na-zona-leste-de-manaus-1.391283,TRUE,noticias_raw_acritica_20251201_20251215.csv,Crime Organizado,Tráfico de Drogas/Facções,Tráfico associado a facção criminosa,alta,indefinido,NA,idade não informada
acritica,2025-12-09,"Com requintes de crueldade, homem assassina a companheira e envia mensagem para a família dela",https://www.acritica.com/policia/com-requintes-de-crueldade-homem-assassina-a-companheira-e-envia-mensagem-para-a-familia-dela-1.390931,TRUE,noticias_raw_acritica_20251201_20251215.csv,Crime Letal Violento,Homicídio,Homicídio consumado,extrema,masculino,NA,idade não informada
emtempo,2025-12-04,Corpo aparece em ecobarreira no Alvorada e mobiliza polícia em Manaus,https://emtempo.com.br/438307/policia/corpo-aparece-em-ecobarreira-no-alvorada-e-mobiliza-policia-em-manaus/,FALSE,noticias_raw_emtempo_20251201_20251215.csv,Outros,Não classificado com precisão,Requer análise manual,indefinida,indefinido,NA,idade não informada
acritica,2025-12-02,Corpo de homem é encontrado boiando no lago do Tarumã,https://www.acritica.com/policia/corpo-de-homem-e-encontrado-boiando-no-lago-do-tarum-1.390382,FALSE,noticias_raw_acritica_20251201_20251215.csv,Outros,Não classificado com precisão,Requer análise manual,indefinida,masculino,NA,idade não informada
emtempo,2025-12-08,Corpo de homem é encontrado em balneário na Zona Leste de Manaus,https://emtempo.com.br/439009/policia/corpo-de-homem-e-encontrado-em-balneario-na-zona-leste-de-manaus/,FALSE,noticias_raw_emtempo_20251201_20251215.csv,Outros,Não classificado com precisão,Requer análise manual,indefinida,masculino,NA,idade não informada
emtempo,2025-12-02,"Corpo é encontrado em estado de decomposição na praia Dourada, em Manaus",https://emtempo.com.br/437906/policia/corpo-e-encontrado-em-estado-de-decomposicao-na-praia-dourada-em-manaus/,FALSE,noticias_raw_emtempo_20251201_20251215.csv,Outros,Não classificado com precisão,Requer análise manual,indefinida,indefinido,NA,idade não informada
acritica,2025-12-04,Corpos em decomposição são encontrados em igarapés de Manaus,https://www.acritica.com/policia/corpos-em-decomposic-o-s-o-encontrados-em-igarapes-de-manaus-1.390591,FALSE,noticias_raw_acritica_20251201_20251215.csv,Outros,Não classificado com precisão,Requer análise manual,indefinida,indefinido,NA,idade não informada
emtempo,2025-12-05,Criminosos matam homem a tiros e jogam pedra gigante sobre o corpo em Manaus,https://emtempo.com.br/438503/policia/criminosos-matam-homem-a-tiros-e-jogam-pedra-gigante-sobre-o-corpo-em-manaus/,FALSE,noticias_raw_emtempo_20251201_20251215.csv,Outros,Não classificado com precisão,Requer análise manual,indefinida,masculino,NA,idade não informada
emtempo,2025-12-03,Defesa de médica alega falha do sistema em prescrição que levou à morte de Benício,https://emtempo.com.br/438092/policia/defesa-de-medica-alega-falha-do-sistema-em-prescricao-que-levou-a-morte-de-benicio/,TRUE,noticias_raw_emtempo_20251201_20251215.csv,Crime Letal Violento,Homicídio,Homicídio consumado,extrema,indefinido,NA,idade não informada
emtempo,2025-12-05,Defesa de médica diz que Benício morreu por broncoaspiração na UTI de hospital em Manaus,https://emtempo.com.br/438486/policia/defesa-de-medica-diz-que-benicio-morreu-por-broncoaspiracao-na-uti-de-hospital-em-manaus/,FALSE,noticias_raw_emtempo_20251201_20251215.csv,Outros,Não classificado com precisão,Requer análise manual,indefinida,indefinido,NA,idade não informada
emtempo,2025-12-09,Delegado dá detalhes do assassinato da mãe da influenciadora Isabelly Aurora em Manaus,https://emtempo.com.br/439211/policia/delegado-da-detalhes-do-assassinato-da-mae-da-influenciadora-isabelly-aurora-em-manaus/,TRUE,noticias_raw_emtempo_20251201_20251215.csv,Crime Letal Violento,Homicídio,Homicídio consumado,extrema,indefinido,NA,idade não informada
emtempo,2025-12-05,Dentista é preso por golpes em pacientes durante procedimentos estéticos em Manaus,https://emtempo.com.br/438533/policia/dentista-preso-golpes-pacientes-estetica/,FALSE,noticias_raw_emtempo_20251201_20251215.csv,Outros,Não classificado com precisão,Requer análise manual,indefinida,indefinido,NA,idade não informada
d24am,2025-12-11,DESAPARECIDOS: polícia busca paradeiro de mulher e adolescente em Manaus,https://d24am.com/policia/desaparecidos-policia-busca-paradeiro-de-mulher-e-adolescente-em-manaus/,FALSE,noticias_raw_d24am_20251201_20251215.csv,Outros,Não classificado com precisão,Requer análise manual,indefinida,feminino,NA,idade não informada
emtempo,2025-12-02,Diário de aluna de 11 anos detalha abusos de professor de capoeira preso no AM,https://emtempo.com.br/438064/policia/diario-de-aluna-de-11-anos-detalha-abusos-de-professor-de-capoeira-preso-no-am/,FALSE,noticias_raw_emtempo_20251201_20251215.csv,Outros,Não classificado com precisão,Requer análise manual,indefinida,indefinido,11,0-11 (criança)
acritica,2025-12-04,Dino vota pela condenação de cinco PMs do DF a 16 anos pelo 8/1,https://www.acritica.com/policia/dino-vota-pela-condenac-o-de-cinco-pms-do-df-a-16-anos-pelo-8-1-1.390577,FALSE,noticias_raw_acritica_20251201_20251215.csv,Outros,Não classificado com precisão,Requer análise manual,indefinida,indefinido,16,12-17 (adolescente)
emtempo,2025-12-04,Drogas vindas de Tabatinga são apreendidas em embarcação em porto de Manaus,https://emtempo.com.br/438301/policia/drogas-vindas-de-tabatinga-sao-apreendidas-em-embarcacao-em-porto-de-manaus/,FALSE,noticias_raw_emtempo_20251201_20251215.csv,Outros,Não classificado com precisão,Requer análise manual,indefinida,indefinido,NA,idade não informada
emtempo,2025-12-01,Dupla é presa após matar homem a marretadas dentro de casa em Manaus,https://emtempo.com.br/437703/policia/dupla-e-presa-apos-matar-homem-a-marretadas-dentro-de-casa-em-manaus/,TRUE,noticias_raw_emtempo_20251201_20251215.csv,Crime Letal Violento,Homicídio,Homicídio consumado,extrema,masculino,NA,idade não informada
acritica,2025-12-05,"Em Autazes, PC-AM prende pais e terceiro suspeito por estupro de vulnerável contra adolescente",https://www.acritica.com/policia/em-autazes-pc-am-prende-pais-e-terceiro-suspeito-por-estupro-de-vulneravel-contra-adolescente-1.390697,TRUE,noticias_raw_acritica_20251201_20251215.csv,Violência Sexual,Estupro de Vulnerável,Estupro de criança/adolescente,extrema,masculino,NA,idade não informada
acritica,2025-12-12,"Em Canutama, Polícia Civil prende dupla em ponto de venda de drogas",https://www.acritica.com/policia/em-canutama-policia-civil-prende-dupla-em-ponto-de-venda-de-drogas-1.391248,FALSE,noticias_raw_acritica_20251201_20251215.csv,Outros,Não classificado com precisão,Requer análise manual,indefinida,indefinido,NA,idade não informada
acritica,2025-12-02,"Em Carauari, PC-AM prende homem por extorsão e furto contra o avô",https://www.acritica.com/policia/em-carauari-pc-am-prende-homem-por-extors-o-e-furto-contra-o-avo-1.390372,FALSE,noticias_raw_acritica_20251201_20251215.csv,Outros,Não classificado com precisão,Requer análise manual,indefinida,masculino,NA,idade não informada
acritica,2025-12-15,"Em Fonte Boa, Polícias Civil e Militar prendem foragido da Justiça por tráfico de drogas",https://www.acritica.com/policia/em-fonte-boa-policias-civil-e-militar-prendem-foragido-da-justica-por-trafico-de-drogas-1.391450,TRUE,noticias_raw_acritica_20251201_20251215.csv,Crime Organizado,Tráfico de Drogas/Facções,Tráfico associado a facção criminosa,alta,indefinido,NA,idade não informada
acritica,2025-12-04,"Em Japurá, PC-AM e GCM prendem homem por ameaçar e agredir ex-companheira com mordida no rosto",https://www.acritica.com/policia/em-japura-pc-am-e-gcm-prendem-homem-por-ameacar-e-agredir-ex-companheira-com-mordida-no-rosto-1.390625,TRUE,noticias_raw_acritica_20251201_20251215.csv,Violência Doméstica,Agressão Doméstica,Violência doméstica com lesão corporal,alta,masculino,NA,idade não informada
acritica,2025-12-08,"Em Maraã, PC-AM, PMAM e GCM prendem homem procurado por estupro da própria filha",https://www.acritica.com/policia/em-mara-pc-am-pmam-e-gcm-prendem-homem-procurado-por-estupro-da-propria-filha-1.390855,TRUE,noticias_raw_acritica_20251201_20251215.csv,Violência Sexual,Estupro de Vulnerável,Estupro de criança/adolescente,extrema,feminino,NA,idade não informada
acritica,2025-12-13,"Em Parintins, PC-AM prende homem que confessou ter abusado sexualmente da própria sobrinha",https://www.acritica.com/policia/em-parintins-pc-am-prende-homem-que-confessou-ter-abusado-sexualmente-da-propria-sobrinha-1.391298,FALSE,noticias_raw_acritica_20251201_20251215.csv,Outros,Não classificado com precisão,Requer análise manual,indefinida,masculino,NA,idade não informada
acritica,2025-12-11,"Em Parintins, PC prende homem por estupro de vulnerável contra adolescente praticado em Manaus",https://www.acritica.com/policia/em-parintins-pc-prende-homem-por-estupro-de-vulneravel-contra-adolescente-praticado-em-manaus-1.391151,TRUE,noticias_raw_acritica_20251201_20251215.csv,Violência Sexual,Estupro de Vulnerável,Estupro de criança/adolescente,extrema,masculino,NA,idade não informada
emtempo,2025-12-13,"Em Parintins, tio se entrega à polícia após confessar estupro da sobrinha de 7 anos",https://emtempo.com.br/439895/policia/em-parintins-tio-se-entrega-a-policia-apos-confessar-estupro-da-sobrinha-de-7-anos/,TRUE,noticias_raw_emtempo_20251201_20251215.csv,Violência Sexual,Estupro,Estupro consumado,extrema,indefinido,7,0-11 (criança)
emtempo,2025-12-05,Empresária sequestrada é resgatada por policiais em área de mata em Manaus,https://emtempo.com.br/438553/policia/empresaria-sequestrada-e-resgatada-por-policiais-em-area-de-mata-em-manaus/,TRUE,noticias_raw_emtempo_20251201_20251215.csv,Privação de Liberdade,Sequestro/Cárcere Privado,Privação de liberdade com restrição,muito alta,indefinido,NA,idade não informada
acritica,2025-12-05,Empresária sequestrada em Manaus é resgatada com vida pela DEHS em área de mata,https://www.acritica.com/policia/empresaria-sequestrada-em-manaus-e-resgatada-com-vida-pela-dehs-em-area-de-mata-1.390661,TRUE,noticias_raw_acritica_20251201_20251215.csv,Privação de Liberdade,Sequestro/Cárcere Privado,Privação de liberdade com restrição,muito alta,indefinido,NA,idade não informada
g1_amazonas,2025-12-14,Empresário garimpeiro diz que PF prendeu filho em Manaus em investigação sobre fuga de Ramagem,https://g1.globo.com/am/amazonas/noticia/2025/12/14/empresario-garimpeiro-diz-que-filho-foi-preso-em-manaus-em-investigacao-sobre-fuga-de-ramagem.ghtml,FALSE,noticias_raw_g1_amazonas_20251214_20251214.csv,Outros,Não classificado com precisão,Requer análise manual,indefinida,masculino,NA,idade não informada
emtempo,2025-12-13,Escalada de feminicídios no país destaca urgência de proteção às mulheres no AM,https://emtempo.com.br/439541/policia/escalada-de-feminicidios-no-pais-destaca-urgencia-de-protecao-as-mulheres-no-am/,FALSE,noticias_raw_emtempo_20251201_20251215.csv,Outros,Não classificado com precisão,Requer análise manual,indefinida,feminino,NA,idade não informada
g1_amazonas,2025-12-14,Ex-lutador de MMA e subsecretário de Segurança de São Gabriel da Cachoeira desaparece após mergulhar no Rio Negro,https://g1.globo.com/am/amazonas/noticia/2025/12/14/ex-lutador-de-mma-e-subsecretario-de-seguranca-de-sao-gabriel-da-cachoeira-desaparece-apos-mergulhar-no-rio-negro.ghtml,FALSE,noticias_raw_g1_amazonas_20251214_20251214.csv,Outros,Não classificado com precisão,Requer análise manual,indefinida,indefinido,NA,idade não informada
emtempo,2025-12-05,Falsa dentista é presa após aplicar golpes em Manaus,https://emtempo.com.br/438543/policia/mulher-presa-golpe-falso-dentista/,FALSE,noticias_raw_emtempo_20251201_20251215.csv,Outros,Não classificado com precisão,Requer análise manual,indefinida,indefinido,NA,idade não informada
d24am,2025-12-15,Filho de garimpeiro é preso em Manaus em investigação sobre fuga de Ramagem,https://d24am.com/policia/filho-de-garimpeiro-e-preso-em-manaus-em-investigacao-sobre-fuga-de-ramagem/,FALSE,noticias_raw_d24am_20251201_20251215.csv,Outros,Não classificado com precisão,Requer análise manual,indefinida,masculino,NA,idade não informada
acritica,2025-12-14,Foragido da justiça do Pará por homicídio é preso em Manaus,https://www.acritica.com/policia/foragido-da-justica-do-para-por-homicidio-e-preso-em-manaus-1.391339,TRUE,noticias_raw_acritica_20251201_20251215.csv,Crime Letal Violento,Homicídio,Homicídio consumado,extrema,indefinido,NA,idade não informada
emtempo,2025-12-15,Foragido da Justiça é preso por tráfico de drogas em Fonte Boa,https://emtempo.com.br/440038/policia/foragido-da-justica-e-preso-por-trafico-de-drogas-em-fonte-boa/,TRUE,noticias_raw_emtempo_20251201_20251215.csv,Crime Organizado,Tráfico de Drogas/Facções,Tráfico associado a facção criminosa,alta,indefinido,NA,idade não informada
d24am,2025-12-15,Foragido por tráfico é localizado e preso após monitoramento no AM,https://d24am.com/policia/foragido-por-trafico-e-localizado-e-preso-apos-monitoramento-no-am/,TRUE,noticias_raw_d24am_20251201_20251215.csv,Crime Organizado,Tráfico de Drogas/Facções,Tráfico associado a facção criminosa,alta,indefinido,NA,idade não informada
emtempo,2025-12-04,Golpe da ligação muda: criminosos usam sua voz para fraudes no AM; veja como se proteger,https://emtempo.com.br/438271/policia/golpe-da-ligacao-muda-criminosos-usam-sua-voz-para-fraudes-no-am-veja-como-se-proteger/,FALSE,noticias_raw_emtempo_20251201_20251215.csv,Outros,Não classificado com precisão,Requer análise manual,indefinida,indefinido,NA,idade não informada
emtempo,2025-12-12,Golpe do falso pagamento via Pix cresce e polícia no AM orienta como evitar,https://emtempo.com.br/439761/policia/golpe-falso-pagamento-pc-am-orienta-consumidores/,FALSE,noticias_raw_emtempo_20251201_20251215.csv,Outros,Não classificado com precisão,Requer análise manual,indefinida,indefinido,NA,idade não informada
d24am,2025-12-12,Grávida corre risco de aborto após ser agredida por ex em Manaus,https://d24am.com/policia/gravida-corre-risco-de-aborto-apos-ser-agredida-por-ex-em-manaus/,TRUE,noticias_raw_d24am_20251201_20251215.csv,Violência Doméstica,Agressão Doméstica,Violência doméstica com lesão corporal,alta,indefinido,NA,idade não informada
acritica,2025-12-13,"Homem agride a companheira durante discussão e acaba levando facada no peito, na zona Leste",https://www.acritica.com/policia/homem-agride-a-companheira-durante-discuss-o-e-acaba-levando-facada-no-peito-na-zona-leste-1.391294,TRUE,noticias_raw_acritica_20251201_20251215.csv,Lesão Corporal Grave,Esfaqueamento,Lesão com instrumento cortante,alta,masculino,NA,idade não informada
d24am,2025-12-14,Homem com histórico criminal é preso após furto em praça no AM,https://d24am.com/policia/homem-com-historico-criminal-e-preso-apos-furto-em-praca-no-am/,FALSE,noticias_raw_d24am_20251201_20251215.csv,Outros,Não classificado com precisão,Requer análise manual,indefinida,masculino,NA,idade não informada
emtempo,2025-12-09,Homem com mandado por violência doméstica é preso no Parque 10,https://emtempo.com.br/439178/policia/foragido-prisao-parque-10-manaus/,FALSE,noticias_raw_emtempo_20251201_20251215.csv,Outros,Não classificado com precisão,Requer análise manual,indefinida,masculino,NA,idade não informada
acritica,2025-12-01,Homem condenado a oito anos de prisão por estupro de vulnerável é capturado no interior,https://www.acritica.com/policia/homem-condenado-a-oito-anos-de-pris-o-por-estupro-de-vulneravel-e-capturado-no-interior-1.390295,TRUE,noticias_raw_acritica_20251201_20251215.csv,Violência Sexual,Estupro,Estupro consumado,extrema,masculino,NA,idade não informada
emtempo,2025-12-02,"Homem é encontrado boiando em praia de Maués, no Amazonas",https://emtempo.com.br/437901/policia/homem-e-encontrado-boiando-em-praia-de-maues-no-amazonas/,FALSE,noticias_raw_emtempo_20251201_20251215.csv,Outros,Não classificado com precisão,Requer análise manual,indefinida,masculino,NA,idade não informada
d24am,2025-12-15,Homem é esfaqueado após briga durante jogo de futebol em Manaus,https://d24am.com/policia/homem-e-esfaqueado-apos-briga-durante-jogo-de-futebol-em-manaus/,TRUE,noticias_raw_d24am_20251201_20251215.csv,Lesão Corporal Grave,Esfaqueamento,Lesão com instrumento cortante,alta,masculino,NA,idade não informada
emtempo,2025-12-10,Homem é espancado até a morte e encontrado em terreno baldio no Novo Aleixo,https://emtempo.com.br/439285/policia/homem-e-espancado-ate-a-morte-e-encontrado-em-terreno-baldio-no-novo-aleixo/,TRUE,noticias_raw_emtempo_20251201_20251215.csv,Crime Letal Violento,Homicídio,Homicídio consumado,extrema,masculino,NA,idade não informada
acritica,2025-12-02,Homem é preso acusado de torturar e causar a morte da própria esposa em Manaus,https://www.acritica.com/policia/homem-e-preso-acusado-de-torturar-e-causar-a-morte-da-propria-esposa-em-manaus-1.390385,TRUE,noticias_raw_acritica_20251201_20251215.csv,Crime Letal Violento,Homicídio,Homicídio consumado,extrema,feminino,NA,idade não informada
emtempo,2025-12-10,Homem é preso após confessar homicídio e indicar onde escondeu o corpo em Manaus,https://emtempo.com.br/439340/policia/homem-e-preso-apos-confessar-homicidio-e-indicar-onde-escondeu-o-corpo-em-manaus/,TRUE,noticias_raw_emtempo_20251201_20251215.csv,Crime Letal Violento,Homicídio,Homicídio consumado,extrema,masculino,NA,idade não informada
emtempo,2025-12-07,Homem é preso após furtar celulares de pacientes em hospital,https://emtempo.com.br/438754/policia/homem-e-preso-apos-furtar-celulares-de-pacientes-em-hospital/,FALSE,noticias_raw_emtempo_20251201_20251215.csv,Outros,Não classificado com precisão,Requer análise manual,indefinida,masculino,NA,idade não informada
emtempo,2025-12-13,Homem é preso após invadir casa e estuprar menina de 12 anos no AM,https://emtempo.com.br/439849/policia/homem-e-preso-apos-invadir-casa-e-estuprar-menina-de-12-anos-no-am/,FALSE,noticias_raw_emtempo_20251201_20251215.csv,Outros,Não classificado com precisão,Requer análise manual,indefinida,feminino,12,12-17 (adolescente)
emtempo,2025-12-02,Homem é preso após matar cachorro a pauladas em rua no interior do AM,https://emtempo.com.br/437885/policia/homem-e-preso-apos-matar-cachorro-a-pauladas-em-rua-no-interior-do-am/,TRUE,noticias_raw_emtempo_20251201_20251215.csv,Crime Letal Violento,Homicídio,Homicídio consumado,extrema,masculino,NA,idade não informada
emtempo,2025-12-11,Homem é preso após matar rival com pauladas em Manacapuru,https://emtempo.com.br/439539/policia/homem-e-preso-apos-matar-rival-com-pauladas-em-manacapuru/,TRUE,noticias_raw_emtempo_20251201_20251215.csv,Crime Letal Violento,Homicídio,Homicídio consumado,extrema,masculino,NA,idade não informada
acritica,2025-12-09,Homem é preso com 41 tabletes de droga no interior do Amazonas,https://www.acritica.com/policia/homem-e-preso-com-41-tabletes-de-droga-no-interior-do-amazonas-1.390927,FALSE,noticias_raw_acritica_20251201_20251215.csv,Outros,Não classificado com precisão,Requer análise manual,indefinida,masculino,NA,idade não informada
acritica,2025-12-12,Homem é preso e adolescente apreendido em flagrante por tráfico de drogas em Manaus,https://www.acritica.com/policia/homem-e-preso-e-adolescente-apreendido-em-flagrante-por-trafico-de-drogas-em-manaus-1.391218,TRUE,noticias_raw_acritica_20251201_20251215.csv,Crime Organizado,Tráfico de Drogas/Facções,Tráfico associado a facção criminosa,alta,masculino,NA,idade não informada
emtempo,2025-12-12,Homem é preso no AM por estupro e tortura de ‘esposa’ adolescente de 15 anos,https://emtempo.com.br/439749/policia/homem-e-preso-no-am-por-estupro-e-tortura-de-esposa-adolescente-de-15-anos/,TRUE,noticias_raw_emtempo_20251201_20251215.csv,Violência Sexual,Estupro de Vulnerável,Estupro de criança/adolescente,extrema,feminino,15,12-17 (adolescente)
d24am,2025-12-11,Homem é preso por abusar de adolescente de 13 anos em Manaus,https://d24am.com/policia/homem-e-preso-por-abusar-de-adolescente-de-13-anos-em-manaus/,FALSE,noticias_raw_d24am_20251201_20251215.csv,Outros,Não classificado com precisão,Requer análise manual,indefinida,masculino,13,12-17 (adolescente)
emtempo,2025-12-03,"Homem é preso por agredir, perseguir e divulgar vídeo íntimo da ex em Manaus",https://emtempo.com.br/438114/policia/homem-e-preso-por-agredir-perseguir-e-divulgar-video-intimo-da-ex-em-manaus/,TRUE,noticias_raw_emtempo_20251201_20251215.csv,Violência Doméstica,Agressão Doméstica,Violência doméstica com lesão corporal,alta,masculino,NA,idade não informada
acritica,2025-12-03,"Homem é preso por agressão, estupro e exposição de vídeo íntimo da ex-companheira",https://www.acritica.com/policia/homem-e-preso-por-agress-o-estupro-e-exposic-o-de-video-intimo-da-ex-companheira-1.390512,TRUE,noticias_raw_acritica_20251201_20251215.csv,Violência Sexual,Estupro,Estupro consumado,extrema,masculino,NA,idade não informada
emtempo,2025-12-07,Homem é preso por estuprar a própria filha,https://emtempo.com.br/438827/policia/homem-e-preso-por-estuprar-a-propria-filha/,FALSE,noticias_raw_emtempo_20251201_20251215.csv,Outros,Não classificado com precisão,Requer análise manual,indefinida,feminino,NA,idade não informada
acritica,2025-12-03,Homem é preso por estupro contra adolescente em Autazes,https://www.acritica.com/policia/homem-e-preso-por-estupro-contra-adolescente-em-autazes-1.390506,TRUE,noticias_raw_acritica_20251201_20251215.csv,Violência Sexual,Estupro de Vulnerável,Estupro de criança/adolescente,extrema,masculino,NA,idade não informada
emtempo,2025-12-02,Homem é preso por matar esposa com água quente em Manaus,https://emtempo.com.br/437991/policia/homem-e-preso-por-matar-esposa-com-agua-quente-em-manaus/,TRUE,noticias_raw_emtempo_20251201_20251215.csv,Crime Letal Violento,Homicídio,Homicídio consumado,extrema,feminino,NA,idade não informada
acritica,2025-12-11,Homem é resgatado do 'tribunal do crime' pela Rocam em área de mata,https://www.acritica.com/policia/homem-e-resgatado-do-tribunal-do-crime-pela-rocam-em-area-de-mata-1.391121,FALSE,noticias_raw_acritica_20251201_20251215.csv,Outros,Não classificado com precisão,Requer análise manual,indefinida,masculino,NA,idade não informada
emtempo,2025-12-11,Homem é resgatado pela Rocam após ser torturado por criminosos em Manaus,https://emtempo.com.br/439568/policia/homem-e-resgatado-pela-rocam-apos-ser-torturado-por-criminosos-em-manaus/,FALSE,noticias_raw_emtempo_20251201_20251215.csv,Outros,Não classificado com precisão,Requer análise manual,indefinida,masculino,NA,idade não informada
d24am,2025-12-12,"Homem pula janela, corta roupa e abusa de menina de 12 anos no AM",https://d24am.com/policia/homem-pula-janela-corta-roupa-e-abusa-de-menina-de-12-anos-no-am/,FALSE,noticias_raw_d24am_20251201_20251215.csv,Outros,Não classificado com precisão,Requer análise manual,indefinida,feminino,12,12-17 (adolescente)
acritica,2025-12-10,Homem vítima de espancamento é encontrado morto em terreno na zona leste de Manaus,https://www.acritica.com/policia/homem-vitima-de-espancamento-e-encontrado-morto-em-terreno-na-zona-leste-de-manaus-1.391021,TRUE,noticias_raw_acritica_20251201_20251215.csv,Crime Letal Violento,Homicídio,Homicídio consumado,extrema,masculino,NA,idade não informada
acritica,2025-12-08,Idoso de 63 anos é preso suspeito de estuprar criança de nove anos em Tapauá,https://www.acritica.com/policia/idoso-de-63-anos-e-preso-suspeito-de-estuprar-crianca-de-nove-anos-em-tapaua-1.390863,FALSE,noticias_raw_acritica_20251201_20251215.csv,Outros,Não classificado com precisão,Requer análise manual,indefinida,masculino,63,60+ (idoso)
emtempo,2025-12-08,"Idoso é preso suspeito de estuprar filha de 19 anos em Tapauá, no AM",https://emtempo.com.br/438898/policia/idoso-e-preso-suspeito-de-estuprar-filha-de-19-anos-em-tapaua-no-am/,FALSE,noticias_raw_emtempo_20251201_20251215.csv,Outros,Não classificado com precisão,Requer análise manual,indefinida,feminino,19,18-29 (jovem)
acritica,2025-12-04,Investigado por estupro de vulnerável contra a filha é capturado em Manaus,https://www.acritica.com/policia/investigado-por-estupro-de-vulneravel-contra-a-filha-e-capturado-em-manaus-1.390603,TRUE,noticias_raw_acritica_20251201_20251215.csv,Violência Sexual,Estupro de Vulnerável,Estupro de criança/adolescente,extrema,feminino,NA,idade não informada
emtempo,2025-12-12,Irmãos são presos acusados de matar homem a facadas após discussão na Compensa,https://emtempo.com.br/439790/policia/irmaos-presos-por-homicidio-na-zona-oeste-de-manaus/,TRUE,noticias_raw_emtempo_20251201_20251215.csv,Crime Letal Violento,Homicídio,Homicídio consumado,extrema,masculino,NA,idade não informada
acritica,2025-12-12,Irmãos são presos em Manaus por matarem homem a facadas no bairro Compensa,https://www.acritica.com/policia/irm-os-s-o-presos-em-manaus-por-matarem-homem-a-facadas-no-bairro-compensa-1.391228,TRUE,noticias_raw_acritica_20251201_20251215.csv,Crime Letal Violento,Homicídio,Homicídio consumado,extrema,masculino,NA,idade não informada
d24am,2025-12-12,Irmãos são presos por matar homem a facadas após briga na Compensa,https://d24am.com/policia/irmaos-sao-presos-por-matar-homem-a-facadas-apos-briga-na-compensa/,TRUE,noticias_raw_d24am_20251201_20251215.csv,Crime Letal Violento,Homicídio,Homicídio consumado,extrema,masculino,NA,idade não informada
emtempo,2025-12-09,Isabelly Aurora divulga foto de suspeito de matar a própria mãe em Manaus,https://emtempo.com.br/439075/policia/isabelly-aurora-divulga-foto-de-suspeito-de-matar-a-propria-mae-em-manaus/,TRUE,noticias_raw_emtempo_20251201_20251215.csv,Crime Letal Violento,Homicídio,Homicídio consumado,extrema,indefinido,NA,idade não informada
emtempo,2025-12-10,Isabelly Aurora se despede da mãe morta pelo namorado em Manaus: ‘O mundo ficou mais silencioso’,https://emtempo.com.br/439312/policia/isabelly-aurora-se-despede-da-mae-morta-pelo-namorado-em-manaus-o-mundo-ficou-mais-silencioso/,FALSE,noticias_raw_emtempo_20251201_20251215.csv,Outros,Não classificado com precisão,Requer análise manual,indefinida,indefinido,NA,idade não informada
emtempo,2025-12-04,‘Jogador’: o pistoleiro de 19 anos executou homem ‘jurado de morte’ no Shopping Ponta Negra,https://emtempo.com.br/438321/policia/jogador-pistoleiro-de-19-anos-executou-homem-jurado-de-morte-no-shopping-ponta-negra/,TRUE,noticias_raw_emtempo_20251201_20251215.csv,Crime Letal Violento,Homicídio,Homicídio consumado,extrema,masculino,19,18-29 (jovem)
d24am,2025-12-11,Jovem de 18 anos é morto a facadas em barco vindo do Peru ao AM,https://d24am.com/policia/jovem-de-18-anos-e-morto-a-facadas-em-barco-vindo-do-peru-ao-am/,TRUE,noticias_raw_d24am_20251201_20251215.csv,Crime Letal Violento,Homicídio,Homicídio consumado,extrema,indefinido,18,18-29 (jovem)
acritica,2025-12-05,"Jovem de 23 anos é encontrado morto sob ponte no Cidade de Deus, em Manaus",https://www.acritica.com/policia/jovem-de-23-anos-e-encontrado-morto-sob-ponte-no-cidade-de-deus-em-manaus-1.390644,TRUE,noticias_raw_acritica_20251201_20251215.csv,Crime Letal Violento,Homicídio,Homicídio consumado,extrema,indefinido,23,18-29 (jovem)
acritica,2025-12-08,Jovem de 24 anos é preso em flagrante ao transportar 41kg de maconha em Fonte Boa,https://www.acritica.com/policia/jovem-de-24-anos-e-preso-em-flagrante-ao-transportar-41kg-de-maconha-em-fonte-boa-1.390865,FALSE,noticias_raw_acritica_20251201_20251215.csv,Outros,Não classificado com precisão,Requer análise manual,indefinida,indefinido,24,18-29 (jovem)
acritica,2025-12-08,Jovem denuncia agressão em casa noturna de Manaus,https://www.acritica.com/policia/jovem-denuncia-agress-o-em-casa-noturna-de-manaus-1.390881,FALSE,noticias_raw_acritica_20251201_20251215.csv,Outros,Não classificado com precisão,Requer análise manual,indefinida,indefinido,NA,idade não informada
emtempo,2025-12-02,Jovem é preso por agredir e ameaçar ex na Zona Norte de Manaus,https://emtempo.com.br/437888/policia/jovem-e-preso-por-agredir-e-ameacar-ex-na-zona-norte-de-manaus/,TRUE,noticias_raw_emtempo_20251201_20251215.csv,Violência Doméstica,Agressão Doméstica,Violência doméstica com lesão corporal,alta,indefinido,NA,idade não informada
emtempo,2025-12-02,Jovem exige dinheiro do avô para comprar drogas e acaba preso no AM,https://emtempo.com.br/437891/policia/jovem-exige-dinheiro-do-avo-para-comprar-drogas-e-acaba-preso-no-am/,FALSE,noticias_raw_emtempo_20251201_20251215.csv,Outros,Não classificado com precisão,Requer análise manual,indefinida,indefinido,NA,idade não informada
acritica,2025-12-02,Jovem que agrediu e matou cachorro é preso em Borba,https://www.acritica.com/policia/jovem-que-agrediu-e-matou-cachorro-e-preso-em-borba-1.390393,TRUE,noticias_raw_acritica_20251201_20251215.csv,Crime Letal Violento,Homicídio,Homicídio consumado,extrema,indefinido,NA,idade não informada
acritica,2025-12-04,"Justiça concede liberdade a esposa de “Alan Índio”, alvo da operação Xeque-Mate",https://www.acritica.com/policia/justica-concede-liberdade-a-esposa-de-alan-indio-alvo-da-operac-o-xeque-mate-1.390571,FALSE,noticias_raw_acritica_20251201_20251215.csv,Outros,Não classificado com precisão,Requer análise manual,indefinida,feminino,NA,idade não informada
emtempo,2025-12-12,Justiça do Amazonas revoga habeas corpus de médica do caso Benício,https://emtempo.com.br/439746/policia/justica-amazonas-revoga-habeas-corpus-medica-caso-benicio/,FALSE,noticias_raw_emtempo_20251201_20251215.csv,Outros,Não classificado com precisão,Requer análise manual,indefinida,indefinido,NA,idade não informada
emtempo,2025-12-09,Mãe da influenciadora Isabelly Aurora é encontrada morta em Manaus,https://emtempo.com.br/439040/policia/mae-da-influenciadora-isabelly-aurora-e-achada-morta-em-sitio-em-manaus/,FALSE,noticias_raw_emtempo_20251201_20251215.csv,Outros,Não classificado com precisão,Requer análise manual,indefinida,indefinido,NA,idade não informada
emtempo,2025-12-11,Mãe e padrasto são presos suspeitos de estuprar e filmar menina de 3 anos,https://emtempo.com.br/439585/policia/casal-preso-suspeito-estupro-ribeirao-preto/,FALSE,noticias_raw_emtempo_20251201_20251215.csv,Outros,Não classificado com precisão,Requer análise manual,indefinida,feminino,3,0-11 (criança)
g1_amazonas,2025-12-14,Mais de 50 mil inscritos fazem provas do concurso da Aleam neste domingo; confira horários e locais,https://g1.globo.com/am/amazonas/utilidade-publica/noticia/2025/12/14/mais-de-50-mil-inscritos-fazem-provas-do-concurso-da-aleam-neste-domingo-confira-horarios-e-locais.ghtml,FALSE,noticias_raw_g1_amazonas_20251214_20251214.csv,Outros,Não classificado com precisão,Requer análise manual,indefinida,indefinido,NA,idade não informada
g1_amazonas,2025-12-14,Manifestantes fazem ato em Manaus contra PL da Dosimetria e anistia a condenados pelo 8/1,https://g1.globo.com/am/amazonas/noticia/2025/12/14/manifestantes-fazem-ato-em-manaus-contra-pl-da-dosimetria-e-anistia-a-condenados-pelo-81.ghtml,FALSE,noticias_raw_g1_amazonas_20251214_20251214.csv,Outros,Não classificado com precisão,Requer análise manual,indefinida,indefinido,NA,idade não informada
emtempo,2025-12-12,Marido é preso por agredir esposa grávida com socos e chutes em Manaus,https://emtempo.com.br/439757/policia/gravida-agredida-filho-presencia-violencia-manaus/,TRUE,noticias_raw_emtempo_20251201_20251215.csv,Violência Doméstica,Agressão Doméstica,Violência doméstica com lesão corporal,alta,feminino,NA,idade não informada
emtempo,2025-12-10,Menina é resgatada em terreno baldio após sofrer sequestro e abuso,https://emtempo.com.br/439375/policia/sequestro-agressao-estupro-adolescente-juazeiro-do-norte/,TRUE,noticias_raw_emtempo_20251201_20251215.csv,Privação de Liberdade,Sequestro/Cárcere Privado,Privação de liberdade com restrição,muito alta,feminino,NA,idade não informada
emtempo,2025-12-15,Motociclista interrompe apresentação com barulho de escapamento e dispara tiro no AM,https://emtempo.com.br/440015/policia/motociclista-interrompe-apresentacao-com-barulho-de-escapamento-e-dispara-tiro-no-am/,FALSE,noticias_raw_emtempo_20251201_20251215.csv,Outros,Não classificado com precisão,Requer análise manual,indefinida,indefinido,NA,idade não informada
acritica,2025-12-15,Motorista de aplicativo nega agressão e diz ter provas contra acusação em Manaus,https://www.acritica.com/policia/motorista-de-aplicativo-nega-agress-o-e-diz-ter-provas-contra-acusac-o-em-manaus-1.391424,FALSE,noticias_raw_acritica_20251201_20251215.csv,Outros,Não classificado com precisão,Requer análise manual,indefinida,indefinido,NA,idade não informada
emtempo,2025-12-03,Motorista de app é preso suspeito de estuprar enteada de 8 anos em Manaus,https://emtempo.com.br/438122/policia/motorista-de-app-e-preso-suspeito-de-estuprar-enteada-de-8-anos-em-manaus/,FALSE,noticias_raw_emtempo_20251201_20251215.csv,Outros,Não classificado com precisão,Requer análise manual,indefinida,indefinido,8,0-11 (criança)
emtempo,2025-12-02,Motorista de app é procurado suspeito de estuprar adolescente de 13 anos em Manaus,https://emtempo.com.br/438043/policia/motorista-de-app-e-procurado-suspeito-de-estuprar-adolescente-de-13-anos-em-manaus/,FALSE,noticias_raw_emtempo_20251201_20251215.csv,Outros,Não classificado com precisão,Requer análise manual,indefinida,indefinido,13,12-17 (adolescente)
acritica,2025-12-02,Motorista por aplicativo é procurado pela Polícia Civil suspeito de estuprar adolescente de 13 anos,https://www.acritica.com/policia/motorista-por-aplicativo-e-procurado-pela-policia-civil-suspeito-de-estuprar-adolescente-de-13-anos-1.390425,FALSE,noticias_raw_acritica_20251201_20251215.csv,Outros,Não classificado com precisão,Requer análise manual,indefinida,indefinido,13,12-17 (adolescente)
emtempo,2025-12-04,Mulher chega machucada à delegacia e agressor é preso em flagrante no AM,https://emtempo.com.br/438298/policia/mulher-chega-machucada-a-delegacia-e-agressor-e-preso-em-flagrante-no-am/,FALSE,noticias_raw_emtempo_20251201_20251215.csv,Outros,Não classificado com precisão,Requer análise manual,indefinida,feminino,NA,idade não informada
emtempo,2025-12-08,Mulher é espancada por parceiro e familiares após pedir fim do relacionamento no AM,https://emtempo.com.br/438887/policia/mulher-e-espancada-por-parceiro-e-familiares-apos-pedir-fim-do-relacionamento-no-am/,TRUE,noticias_raw_emtempo_20251201_20251215.csv,Lesão Corporal Grave,Espancamento,Lesão com agressão física grave,alta,feminino,NA,idade não informada
emtempo,2025-12-06,Mulher é feita refém por quase três horas em sacada de hospital,https://emtempo.com.br/438707/policia/mulher-e-feita-refem-por-quase-tres-horas-em-sacada-de-hospital/,FALSE,noticias_raw_emtempo_20251201_20251215.csv,Outros,Não classificado com precisão,Requer análise manual,indefinida,feminino,NA,idade não informada
acritica,2025-12-02,Mulher é presa com 70 kg de pasta base de cocaína em embarcação no município de Coari,https://www.acritica.com/policia/mulher-e-presa-com-70-kg-de-pasta-base-de-cocaina-em-embarcac-o-no-municipio-de-coari-1.390380,FALSE,noticias_raw_acritica_20251201_20251215.csv,Outros,Não classificado com precisão,Requer análise manual,indefinida,feminino,NA,idade não informada
acritica,2025-12-07,Mulher é presa com bolsas de drogas após denúncia anônima no bairro Gilberto Mestrinho,https://www.acritica.com/policia/mulher-e-presa-com-bolsas-de-drogas-apos-denuncia-anonima-no-bairro-gilberto-mestrinho-1.390771,FALSE,noticias_raw_acritica_20251201_20251215.csv,Outros,Não classificado com precisão,Requer análise manual,indefinida,feminino,NA,idade não informada
acritica,2025-12-11,Mulher é presa com porções de drogas e 32 cigarros de maconha na Zona Leste de Manaus,https://www.acritica.com/policia/mulher-e-presa-com-porc-es-de-drogas-e-32-cigarros-de-maconha-na-zona-leste-de-manaus-1.391117,FALSE,noticias_raw_acritica_20251201_20251215.csv,Outros,Não classificado com precisão,Requer análise manual,indefinida,feminino,NA,idade não informada
acritica,2025-12-02,"Mulher é presa no interior do AM por explorar sexualmente as filhas, que têm entre 7 e 12 anos",https://www.acritica.com/policia/mulher-e-presa-no-interior-do-am-por-explorar-sexualmente-as-filhas-que-tem-entre-7-e-12-anos-1.390365,FALSE,noticias_raw_acritica_20251201_20251215.csv,Outros,Não classificado com precisão,Requer análise manual,indefinida,feminino,12,12-17 (adolescente)
emtempo,2025-12-04,Mulher tenta registrar bebê que não era dela e acaba desmascarada no AM,https://emtempo.com.br/438292/policia/mulher-tenta-registrar-bebe-que-nao-era-dela-e-acaba-desmascarada-no-am/,FALSE,noticias_raw_emtempo_20251201_20251215.csv,Outros,Não classificado com precisão,Requer análise manual,indefinida,feminino,NA,idade não informada
emtempo,2025-12-15,Musa de escola de samba denuncia agressão em corrida por app; motociclista nega em Manaus,https://emtempo.com.br/440031/policia/musa-de-escola-de-samba-denuncia-agressao-em-corrida-por-app-motociclista-nega-em-manaus/,FALSE,noticias_raw_emtempo_20251201_20251215.csv,Outros,Não classificado com precisão,Requer análise manual,indefinida,indefinido,NA,idade não informada
emtempo,2025-12-05,Operação no AM desarticula grupos de roubos e furtos de veículos,https://emtempo.com.br/438635/policia/operacao-black-flag-prende-foragidos-por-roubos-de-veiculos-am/,TRUE,noticias_raw_emtempo_20251201_20251215.csv,Roubo Violento,Roubo/Assalto,Roubo/assalto com confronto,alta,indefinido,NA,idade não informada
emtempo,2025-12-04,Operação prende dois homens por estupros de filha e enteada no AM,https://emtempo.com.br/438226/policia/operacao-prende-dois-homens-por-estupros-de-filha-e-enteada-no-am/,TRUE,noticias_raw_emtempo_20251201_20251215.csv,Violência Sexual,Estupro de Vulnerável,Estupro de criança/adolescente,extrema,feminino,NA,idade não informada
emtempo,2025-12-12,Padrasto é procurado pela polícia por tortura e morte de bebê de 1 ano em Manaus,https://emtempo.com.br/439807/policia/pc-am-procura-suspeito-homicidio-tortura-bebe-manaus/,TRUE,noticias_raw_emtempo_20251201_20251215.csv,Crime Letal Violento,Homicídio,Homicídio consumado,extrema,indefinido,NA,idade não informada
emtempo,2025-12-05,Padrasto é suspeito de estuprar criança em Manacapuru e oferecer R$ 20 por silêncio,https://emtempo.com.br/438551/policia/padrasto-e-suspeito-de-estuprar-crianca-em-manacapuru-e-oferecer-r-20-por-silencio/,FALSE,noticias_raw_emtempo_20251201_20251215.csv,Outros,Não classificado com precisão,Requer análise manual,indefinida,indefinido,NA,idade não informada
acritica,2025-12-10,Pai e filho são presos em flagrante por tráfico de drogas no Mauazinho,https://www.acritica.com/policia/pai-e-filho-s-o-presos-em-flagrante-por-trafico-de-drogas-no-mauazinho-1.391025,TRUE,noticias_raw_acritica_20251201_20251215.csv,Crime Organizado,Tráfico de Drogas/Facções,Tráfico associado a facção criminosa,alta,masculino,NA,idade não informada
emtempo,2025-12-04,Pai é preso em Manaus suspeito de estuprar filha de 12 anos em Rio Preto da Eva,https://emtempo.com.br/438423/policia/homem-preso-manaus-estupro-filha/,FALSE,noticias_raw_emtempo_20251201_20251215.csv,Outros,Não classificado com precisão,Requer análise manual,indefinida,feminino,12,12-17 (adolescente)
emtempo,2025-12-04,Pai mata filho afogado após adolescente defender a mãe de agressão,https://emtempo.com.br/438232/policia/pai-mata-filho-afogado-apos-adolescente-defender-a-mae-de-agressao/,FALSE,noticias_raw_emtempo_20251201_20251215.csv,Outros,Não classificado com precisão,Requer análise manual,indefinida,masculino,NA,idade não informada
emtempo,2025-12-01,Papai Noel é preso em shopping por estupro de vulnerável,https://emtempo.com.br/437678/policia/papai-noel-e-preso-em-shopping-por-estupro-de-vulneravel/,TRUE,noticias_raw_emtempo_20251201_20251215.csv,Violência Sexual,Estupro,Estupro consumado,extrema,masculino,NA,idade não informada
emtempo,2025-12-09,Passageiro é preso com 41 tabletes de skunk dentro de bagagem em barco no AM,https://emtempo.com.br/439128/policia/homem-preso-41-tabletes-skunk-porto-fonte-boa/,FALSE,noticias_raw_emtempo_20251201_20251215.csv,Outros,Não classificado com precisão,Requer análise manual,indefinida,indefinido,NA,idade não informada
emtempo,2025-12-03,Pastor é preso por aplicar golpe financeiro de R$ 457 mil em fiéis da igreja em Manaus,https://emtempo.com.br/438124/policia/pastor-e-preso-por-aplicar-golpe-financeiro-de-r-457-mil-em-fieis-da-igreja-em-manaus/,FALSE,noticias_raw_emtempo_20251201_20251215.csv,Outros,Não classificado com precisão,Requer análise manual,indefinida,indefinido,NA,idade não informada
emtempo,2025-12-04,Pastor é suspeito de fraudes e receptação em loja de carros em Manaus,https://emtempo.com.br/438284/policia/pastor-investigado-receptacao-loja-veiculos-manaus/,FALSE,noticias_raw_emtempo_20251201_20251215.csv,Outros,Não classificado com precisão,Requer análise manual,indefinida,indefinido,NA,idade não informada
acritica,2025-12-12,PC-AM divulga imagem de homem procurado por homicídio qualificado pela tortura contra enteado,https://www.acritica.com/policia/pc-am-divulga-imagem-de-homem-procurado-por-homicidio-qualificado-pela-tortura-contra-enteado-1.391246,TRUE,noticias_raw_acritica_20251201_20251215.csv,Crime Letal Violento,Homicídio,Homicídio consumado,extrema,masculino,NA,idade não informada
acritica,2025-12-02,"PC-AM prende homem com cocaína, maconha e dinheiro proveniente da venda de drogas em Maraã",https://www.acritica.com/policia/pc-am-prende-homem-com-cocaina-maconha-e-dinheiro-proveniente-da-venda-de-drogas-em-mara-1.390423,FALSE,noticias_raw_acritica_20251201_20251215.csv,Outros,Não classificado com precisão,Requer análise manual,indefinida,masculino,NA,idade não informada
emtempo,2025-12-03,PC negocia com Funai entrega de adolescentes suspeitos de estupro coletivo no AM,https://emtempo.com.br/438073/policia/pc-negocia-com-funai-entrega-de-adolescentes-suspeitos-de-estupro-coletivo-no-am/,TRUE,noticias_raw_emtempo_20251201_20251215.csv,Violência Sexual,Estupro de Vulnerável,Estupro de criança/adolescente,extrema,indefinido,NA,idade não informada
acritica,2025-12-11,"Pela quarta vez, assaltante de alta periculosidade ‘Pacu’ é preso em Manaus",https://www.acritica.com/policia/pela-quarta-vez-assaltante-de-alta-periculosidade-pacu-e-preso-em-manaus-1.391106,FALSE,noticias_raw_acritica_20251201_20251215.csv,Outros,Não classificado com precisão,Requer análise manual,indefinida,indefinido,NA,idade não informada
emtempo,2025-12-04,PF apreende 15 kg de pasta base de cocaína em caixas com bolachas e pirulitos no AM,https://emtempo.com.br/438472/policia/pf-apreende-15-kg-de-pasta-base-de-cocaina-em-caixas-com-bolachas-e-pirulitos-no-am/,FALSE,noticias_raw_emtempo_20251201_20251215.csv,Outros,Não classificado com precisão,Requer análise manual,indefinida,indefinido,NA,idade não informada
emtempo,2025-12-14,PF apreende 182 kg de drogas e armas dentro de freezers em caminhão de frete em Manaus,https://emtempo.com.br/439957/policia/pf-apreende-182-kg-de-drogas-e-armas-dentro-de-freezers-em-caminhao-de-frete-em-manaus/,FALSE,noticias_raw_emtempo_20251201_20251215.csv,Outros,Não classificado com precisão,Requer análise manual,indefinida,indefinido,NA,idade não informada
emtempo,2025-12-03,PF prende condenado por matar adolescente em disputa entre facções em Manaus,https://emtempo.com.br/438130/policia/pf-prende-condenado-por-matar-adolescente-em-disputa-entre-faccoes-em-manaus/,TRUE,noticias_raw_emtempo_20251201_20251215.csv,Crime Letal Violento,Homicídio,Homicídio consumado,extrema,indefinido,NA,idade não informada
emtempo,2025-12-10,PF prende venezuelana e colombiano com mais de 7 kg de cocaína no aeroporto de Tabatinga,https://emtempo.com.br/439300/policia/pf-prende-venezuelana-e-colombiano-com-mais-de-7-kg-de-cocaina-no-aeroporto-de-tabatinga/,FALSE,noticias_raw_emtempo_20251201_20251215.csv,Outros,Não classificado com precisão,Requer análise manual,indefinida,indefinido,NA,idade não informada
emtempo,2025-12-12,PM encontra drogas escondidas em geladeira transportada em carro no Mauazinho,https://emtempo.com.br/439721/policia/pm-encontra-drogas-escondidas-em-geladeira-transportada-em-carro-no-mauazinho/,FALSE,noticias_raw_emtempo_20251201_20251215.csv,Outros,Não classificado com precisão,Requer análise manual,indefinida,indefinido,NA,idade não informada
acritica,2025-12-08,PM prende jovem por embriaguez ao volante e som alto na zona Leste de Manaus,https://www.acritica.com/policia/pm-prende-jovem-por-embriaguez-ao-volante-e-som-alto-na-zona-leste-de-manaus-1.390883,FALSE,noticias_raw_acritica_20251201_20251215.csv,Outros,Não classificado com precisão,Requer análise manual,indefinida,indefinido,NA,idade não informada
acritica,2025-12-04,"Polícia alerta para golpe da ligação muda, usado para clonar vozes de vítimas",https://www.acritica.com/policia/policia-alerta-para-golpe-da-ligac-o-muda-usado-para-clonar-vozes-de-vitimas-1.390569,FALSE,noticias_raw_acritica_20251201_20251215.csv,Outros,Não classificado com precisão,Requer análise manual,indefinida,indefinido,NA,idade não informada
acritica,2025-12-04,Polícia apreende cocaína com 100% de pureza escondida em tanque de petróleo de embarcação,https://www.acritica.com/policia/policia-apreende-cocaina-com-100-de-pureza-escondida-em-tanque-de-petroleo-de-embarcac-o-1.390585,FALSE,noticias_raw_acritica_20251201_20251215.csv,Outros,Não classificado com precisão,Requer análise manual,indefinida,indefinido,NA,idade não informada
acritica,2025-12-12,"Polícia apreende droga avaliada em R$ 4,6 milhões no interior do Amazonas",https://www.acritica.com/policia/policia-apreende-droga-avaliada-em-r-4-6-milh-es-no-interior-do-amazonas-1.391224,FALSE,noticias_raw_acritica_20251201_20251215.csv,Outros,Não classificado com precisão,Requer análise manual,indefinida,indefinido,NA,idade não informada
acritica,2025-12-04,Polícia apreende seis tabletes de oxi em embarcação que saiu de Tabatinga,https://www.acritica.com/policia/policia-apreende-seis-tabletes-de-oxi-em-embarcac-o-que-saiu-de-tabatinga-1.390575,FALSE,noticias_raw_acritica_20251201_20251215.csv,Outros,Não classificado com precisão,Requer análise manual,indefinida,indefinido,NA,idade não informada
acritica,2025-12-09,"Polícia busca José Brito, suspeito de matar Izabel Simplício com extrema violência em Manaus",https://www.acritica.com/policia/policia-busca-jose-brito-suspeito-de-matar-izabel-simplicio-com-extrema-violencia-em-manaus-1.390949,TRUE,noticias_raw_acritica_20251201_20251215.csv,Crime Letal Violento,Homicídio,Homicídio consumado,extrema,indefinido,NA,idade não informada
acritica,2025-12-05,Polícia Civil apreende adolescente por ato infracional análogo ao crime de tentativa de homicídio,https://www.acritica.com/policia/policia-civil-apreende-adolescente-por-ato-infracional-analogo-ao-crime-de-tentativa-de-homicidio-1.390703,TRUE,noticias_raw_acritica_20251201_20251215.csv,Crime Letal Violento,Homicídio,Homicídio consumado,extrema,indefinido,NA,idade não informada
emtempo,2025-12-02,Polícia Civil cumpre prisão de tio e procura pai por abusos no AM,https://emtempo.com.br/438008/policia/pai-tio-investigados-abusos-adolescente-am/,FALSE,noticias_raw_emtempo_20251201_20251215.csv,Outros,Não classificado com precisão,Requer análise manual,indefinida,masculino,NA,idade não informada
acritica,2025-12-09,Polícia Civil divulga imagem de homem procurado por homicídio em Eirunepé,https://www.acritica.com/policia/policia-civil-divulga-imagem-de-homem-procurado-por-homicidio-em-eirunepe-1.390979,TRUE,noticias_raw_acritica_20251201_20251215.csv,Crime Letal Violento,Homicídio,Homicídio consumado,extrema,masculino,NA,idade não informada
acritica,2025-12-01,Polícia Civil investiga esquema de golpes em terrenos e orienta compradores,https://www.acritica.com/policia/policia-civil-investiga-esquema-de-golpes-em-terrenos-e-orienta-compradores-1.390324,FALSE,noticias_raw_acritica_20251201_20251215.csv,Outros,Não classificado com precisão,Requer análise manual,indefinida,indefinido,NA,idade não informada
acritica,2025-12-02,Polícia Civil prende homem por feminicídio contra companheira na Zona Leste de Manaus,https://www.acritica.com/policia/policia-civil-prende-homem-por-feminicidio-contra-companheira-na-zona-leste-de-manaus-1.390416,FALSE,noticias_raw_acritica_20251201_20251215.csv,Outros,Não classificado com precisão,Requer análise manual,indefinida,masculino,NA,idade não informada
acritica,2025-12-03,Polícia Civil prende homem que aplicou golpe do investimento superior a R$ 450 mil,https://www.acritica.com/policia/policia-civil-prende-homem-que-aplicou-golpe-do-investimento-superior-a-r-450-mil-1.390479,FALSE,noticias_raw_acritica_20251201_20251215.csv,Outros,Não classificado com precisão,Requer análise manual,indefinida,masculino,NA,idade não informada
acritica,2025-12-15,Polícia desarticula ‘boca de fumo’ no Tancredo Neves,https://www.acritica.com/policia/policia-desarticula-boca-de-fumo-no-tancredo-neves-1.391414,FALSE,noticias_raw_acritica_20251201_20251215.csv,Outros,Não classificado com precisão,Requer análise manual,indefinida,indefinido,NA,idade não informada
acritica,2025-12-02,Polícia divulga imagem de homem procurado por estuprar a própria filha,https://www.acritica.com/policia/policia-divulga-imagem-de-homem-procurado-por-estuprar-a-propria-filha-1.390419,FALSE,noticias_raw_acritica_20251201_20251215.csv,Outros,Não classificado com precisão,Requer análise manual,indefinida,feminino,NA,idade não informada
acritica,2025-12-11,"Polícia divulga imagens suspeitos de vários roubos a ônibus das linhas 640 e 652, em Manaus",https://www.acritica.com/policia/policia-divulga-imagens-suspeitos-de-varios-roubos-a-onibus-das-linhas-640-e-652-em-manaus-1.391102,TRUE,noticias_raw_acritica_20251201_20251215.csv,Roubo Violento,Roubo/Assalto,Roubo/assalto com confronto,alta,indefinido,NA,idade não informada
d24am,2025-12-12,Polícia do AM alerta população sobre golpe do “Falso Pagamento” via Pix,https://d24am.com/policia/policia-do-am-alerta-populacao-sobre-golpe-do-falso-pagamento-via-pix/,FALSE,noticias_raw_d24am_20251201_20251215.csv,Outros,Não classificado com precisão,Requer análise manual,indefinida,indefinido,NA,idade não informada
d24am,2025-12-15,Polícia investiga caso que envolve motorista de APP e musa em Manaus,https://d24am.com/policia/policia-investiga-caso-que-envolve-motorista-de-app-e-musa-em-manaus/,FALSE,noticias_raw_d24am_20251201_20251215.csv,Outros,Não classificado com precisão,Requer análise manual,indefinida,indefinido,NA,idade não informada
emtempo,2025-12-05,Polícia investiga morte de criança durante cirurgia em Presidente Figueiredo,https://emtempo.com.br/438539/policia/policia-investiga-morte-de-crianca-durante-cirurgia-em-presidente-figueiredo/,TRUE,noticias_raw_emtempo_20251201_20251215.csv,Crime Letal Violento,Homicídio,Homicídio consumado,extrema,indefinido,NA,idade não informada
acritica,2025-12-03,Polícia negocia com Funai apreensão de adolescentes envolvidos em estupro coletivo de indígena,https://www.acritica.com/policia/policia-negocia-com-funai-apreens-o-de-adolescentes-envolvidos-em-estupro-coletivo-de-indigena-1.390471,TRUE,noticias_raw_acritica_20251201_20251215.csv,Violência Sexual,Estupro de Vulnerável,Estupro de criança/adolescente,extrema,indefinido,NA,idade não informada
acritica,2025-12-05,Polícia prende 13 foragidos por roubos e furtos de veículos,https://www.acritica.com/policia/policia-prende-13-foragidos-por-roubos-e-furtos-de-veiculos-1.390670,TRUE,noticias_raw_acritica_20251201_20251215.csv,Roubo Violento,Roubo/Assalto,Roubo/assalto com confronto,alta,indefinido,NA,idade não informada
acritica,2025-12-02,Polícia prende homem por estupro de vulnerável contra sobrinha no interior,https://www.acritica.com/policia/policia-prende-homem-por-estupro-de-vulneravel-contra-sobrinha-no-interior-1.390401,TRUE,noticias_raw_acritica_20251201_20251215.csv,Violência Sexual,Estupro,Estupro consumado,extrema,masculino,NA,idade não informada
acritica,2025-12-12,Polícia prende homem por homicídio qualificado praticado em 2012,https://www.acritica.com/policia/policia-prende-homem-por-homicidio-qualificado-praticado-em-2012-1.391235,TRUE,noticias_raw_acritica_20251201_20251215.csv,Crime Letal Violento,Homicídio,Homicídio consumado,extrema,masculino,NA,idade não informada
acritica,2025-12-10,Polícia prende homem por maus-tratos contra um cão no bairro São Jorge,https://www.acritica.com/policia/policia-prende-homem-por-maus-tratos-contra-um-c-o-no-bairro-s-o-jorge-1.391050,FALSE,noticias_raw_acritica_20251201_20251215.csv,Outros,Não classificado com precisão,Requer análise manual,indefinida,masculino,NA,idade não informada
acritica,2025-12-01,Polícia prende homem que atropelou e arrastou mulher em São Paulo,https://www.acritica.com/policia/policia-prende-homem-que-atropelou-e-arrastou-mulher-em-s-o-paulo-1.390258,FALSE,noticias_raw_acritica_20251201_20251215.csv,Outros,Não classificado com precisão,Requer análise manual,indefinida,feminino,NA,idade não informada
acritica,2025-12-03,Polícia prende ‘Jogador’ como autor do assassinato de traficante em shopping de Manaus,https://www.acritica.com/policia/policia-prende-jogador-como-autor-do-assassinato-de-traficante-em-shopping-de-manaus-1.390467,TRUE,noticias_raw_acritica_20251201_20251215.csv,Crime Letal Violento,Homicídio,Homicídio consumado,extrema,indefinido,NA,idade não informada
acritica,2025-12-11,Polícia prende suspeito que espancou homem até a morte em Manacapuru,https://www.acritica.com/policia/policia-prende-suspeito-que-espancou-homem-ate-a-morte-em-manacapuru-1.391169,TRUE,noticias_raw_acritica_20251201_20251215.csv,Crime Letal Violento,Homicídio,Homicídio consumado,extrema,masculino,NA,idade não informada
acritica,2025-12-09,Polícia prende trio por invadir UBS e tentar matar homem no interior,https://www.acritica.com/policia/policia-prende-trio-por-invadir-ubs-e-tentar-matar-homem-no-interior-1.390959,TRUE,noticias_raw_acritica_20251201_20251215.csv,Crime Letal Violento,Homicídio,Homicídio consumado,extrema,masculino,NA,idade não informada
emtempo,2025-12-01,Polícia procura quatro pessoas desaparecidas em Manaus; veja detalhes,https://emtempo.com.br/437813/policia/pc-am-divulga-imagens-pessoas-desaparecidas-manaus/,FALSE,noticias_raw_emtempo_20251201_20251215.csv,Outros,Não classificado com precisão,Requer análise manual,indefinida,indefinido,NA,idade não informada
emtempo,2025-12-11,Polícia procura trio que assaltou ônibus das linhas 640 e 652 em Manaus,https://emtempo.com.br/439518/policia/policia-procura-trio-que-assaltou-onibus-das-linhas-640-e-652-em-manaus/,TRUE,noticias_raw_emtempo_20251201_20251215.csv,Roubo Violento,Roubo/Assalto,Roubo/assalto com confronto,alta,indefinido,NA,idade não informada
emtempo,2025-12-03,Preso atirador que matou homem em shopping de Manaus,https://emtempo.com.br/438069/policia/preso-atirador-que-matou-homem-em-shopping-de-manaus/,TRUE,noticias_raw_emtempo_20251201_20251215.csv,Crime Letal Violento,Homicídio,Homicídio consumado,extrema,masculino,NA,idade não informada
emtempo,2025-12-12,Preso em Parintins suspeito de estuprar adolescente de 13 anos em Manaus,https://emtempo.com.br/439714/policia/preso-em-parintins-suspeito-de-estuprar-adolescente-de-13-anos-em-manaus/,FALSE,noticias_raw_emtempo_20251201_20251215.csv,Outros,Não classificado com precisão,Requer análise manual,indefinida,indefinido,13,12-17 (adolescente)
emtempo,2025-12-01,Preso motorista que arrastou mulher por 1 km na Marginal Tietê,https://emtempo.com.br/437670/policia/preso-motorista-que-arrastou-mulher-por-1-km-na-marginal-tiete/,FALSE,noticias_raw_emtempo_20251201_20251215.csv,Outros,Não classificado com precisão,Requer análise manual,indefinida,feminino,NA,idade não informada
emtempo,2025-12-14,Primeiros réus do massacre do Compaj são condenados em regime fechado no AM,https://emtempo.com.br/439950/policia/primeiros-reus-do-massacre-do-compaj-sao-condenados-em-regime-fechado-no-am/,FALSE,noticias_raw_emtempo_20251201_20251215.csv,Outros,Não classificado com precisão,Requer análise manual,indefinida,indefinido,NA,idade não informada
emtempo,2025-12-09,Primo é preso após sequestrar e estuprar criança de 2 anos,https://emtempo.com.br/439036/policia/primo-e-preso-apos-sequestrar-e-estuprar-crianca-de-2-anos/,FALSE,noticias_raw_emtempo_20251201_20251215.csv,Outros,Não classificado com precisão,Requer análise manual,indefinida,indefinido,2,0-11 (criança)
emtempo,2025-12-12,Primos venezuelanos são procurados por espancar jovem até a morte em Manaus,https://emtempo.com.br/439778/policia/suspeitos-homicidio-zona-norte-manaus/,TRUE,noticias_raw_emtempo_20251201_20251215.csv,Crime Letal Violento,Homicídio,Homicídio consumado,extrema,indefinido,NA,idade não informada
acritica,2025-12-06,Prisão de dupla na Praça 14 revela estoque de armas e drogas,https://www.acritica.com/policia/pris-o-de-dupla-na-praca-14-revela-estoque-de-armas-e-drogas-1.390721,FALSE,noticias_raw_acritica_20251201_20251215.csv,Outros,Não classificado com precisão,Requer análise manual,indefinida,indefinido,NA,idade não informada
d24am,2025-12-12,PROCURADO: homem é suspeito de torturar e matar bebê de 1 ano em Manaus,https://d24am.com/policia/procurado-homem-e-suspeito-de-torturar-e-matar-bebe-de-1-ano-em-manaus/,TRUE,noticias_raw_d24am_20251201_20251215.csv,Crime Letal Violento,Homicídio,Homicídio consumado,extrema,masculino,NA,idade não informada
d24am,2025-12-12,PROCURADOS: dupla é suspeita de matar jovem espancado em Manaus,https://d24am.com/policia/procurados-dupla-e-suspeita-de-matar-jovem-espancado-em-manaus/,TRUE,noticias_raw_d24am_20251201_20251215.csv,Crime Letal Violento,Homicídio,Homicídio consumado,extrema,indefinido,NA,idade não informada
d24am,2025-12-11,PROCURADOS: homens são suspeitos de roubos a transporte público,https://d24am.com/policia/procurados-homens-sao-suspeitos-de-roubos-a-transporte-publico/,TRUE,noticias_raw_d24am_20251201_20251215.csv,Roubo Violento,Roubo/Assalto,Roubo/assalto com confronto,alta,indefinido,NA,idade não informada
emtempo,2025-12-09,Professor da rede pública é denunciado por estupro e assédio contra alunas no AM,https://emtempo.com.br/439099/policia/professor-da-rede-publica-e-denunciado-por-estupro-e-assedio-contra-alunas-no-am/,TRUE,noticias_raw_emtempo_20251201_20251215.csv,Violência Sexual,Estupro,Estupro consumado,extrema,indefinido,NA,idade não informada
acritica,2025-12-02,Professor de capoeira é preso por estupro contra aluna de 11 anos,https://www.acritica.com/policia/professor-de-capoeira-e-preso-por-estupro-contra-aluna-de-11-anos-1.390412,TRUE,noticias_raw_acritica_20251201_20251215.csv,Violência Sexual,Estupro,Estupro consumado,extrema,indefinido,11,0-11 (criança)
acritica,2025-12-02,Próprio pai autoriza entrada da polícia em sua casa para prender o filho por tráfico de drogas,https://www.acritica.com/policia/proprio-pai-autoriza-entrada-da-policia-em-sua-casa-para-prender-o-filho-por-trafico-de-drogas-1.390369,TRUE,noticias_raw_acritica_20251201_20251215.csv,Crime Organizado,Tráfico de Drogas/Facções,Tráfico associado a facção criminosa,alta,masculino,NA,idade não informada
acritica,2025-12-02,Quadrilha envolvida em roubos de veículos em parqueamento é desarticulada pela DERFV,https://www.acritica.com/policia/quadrilha-envolvida-em-roubos-de-veiculos-em-parqueamento-e-desarticulada-pela-derfv-1.390395,TRUE,noticias_raw_acritica_20251201_20251215.csv,Roubo Violento,Roubo/Assalto,Roubo/assalto com confronto,alta,indefinido,NA,idade não informada
emtempo,2025-12-02,Quarteto é preso por roubo de nove veículos em parqueamento da Polícia Civil em Manaus,https://emtempo.com.br/437989/policia/roubo-parqueamento-pc-am-suspeitos-presos/,TRUE,noticias_raw_emtempo_20251201_20251215.csv,Roubo Violento,Roubo/Assalto,Roubo/assalto com confronto,alta,indefinido,NA,idade não informada
emtempo,2025-12-15,Quatro homens são presos em operação contra roubos violentos em Humaitá,https://emtempo.com.br/440216/policia/quatro-homens-sao-presos-em-operacao-contra-roubos-violentos-em-humaita/,TRUE,noticias_raw_emtempo_20251201_20251215.csv,Roubo Violento,Roubo/Assalto,Roubo/assalto com confronto,alta,indefinido,NA,idade não informada
d24am,2025-12-15,Quatro homens são presos por diversos crimes no AM; “olheiro” segue foragido,https://d24am.com/policia/quatro-homens-sao-presos-por-diversos-crimes-no-am-olheiro-segue-foragido/,FALSE,noticias_raw_d24am_20251201_20251215.csv,Outros,Não classificado com precisão,Requer análise manual,indefinida,indefinido,NA,idade não informada
emtempo,2025-12-09,"Quem era ‘Bebel Aventureira’, mãe de Isabelly Aurora, morta pelo namorado em Manaus",https://emtempo.com.br/439091/policia/quem-era-bebel-aventureira-mae-de-isabelly-aurora-morta-pelo-namorado-em-manaus/,FALSE,noticias_raw_emtempo_20251201_20251215.csv,Outros,Não classificado com precisão,Requer análise manual,indefinida,indefinido,NA,idade não informada
emtempo,2025-12-01,‘Racha’ em estrada no AM termina com briga generalizada,https://emtempo.com.br/437673/policia/racha-em-estrada-no-am-termina-com-briga-generalizada/,FALSE,noticias_raw_emtempo_20251201_20251215.csv,Outros,Não classificado com precisão,Requer análise manual,indefinida,indefinido,NA,idade não informada
acritica,2025-12-02,"Receita apreende no aeroporto mais de 2 mil IPhones, aparelhos da Apple e remédios proibidos",https://www.acritica.com/policia/receita-apreende-no-aeroporto-mais-de-2-mil-iphones-aparelhos-da-apple-e-remedios-proibidos-1.390356,FALSE,noticias_raw_acritica_20251201_20251215.csv,Outros,Não classificado com precisão,Requer análise manual,indefinida,indefinido,NA,idade não informada
emtempo,2025-12-02,Receita Federal apreende 2 mil iPhones e remédio proibido para emagrecer em Manaus,https://emtempo.com.br/437866/policia/receita-federal-apreende-2-mil-iphones-e-medicamento-proibido-manaus/,FALSE,noticias_raw_emtempo_20251201_20251215.csv,Outros,Não classificado com precisão,Requer análise manual,indefinida,indefinido,NA,idade não informada
acritica,2025-12-13,Recém lançada lista dos mais procurados do Brasil tem oito do Amazonas,https://www.acritica.com/policia/recem-lancada-lista-dos-mais-procurados-do-brasil-tem-oito-do-amazonas-1.391287,FALSE,noticias_raw_acritica_20251201_20251215.csv,Outros,Não classificado com precisão,Requer análise manual,indefinida,indefinido,NA,idade não informada
acritica,2025-12-04,"Restos mortais encontrados em igarapés na zona Oeste são da mesma pessoa, confirma polícia",https://www.acritica.com/policia/restos-mortais-encontrados-em-igarapes-na-zona-oeste-s-o-da-mesma-pessoa-confirma-policia-1.390607,FALSE,noticias_raw_acritica_20251201_20251215.csv,Outros,Não classificado com precisão,Requer análise manual,indefinida,indefinido,NA,idade não informada
acritica,2025-12-07,ROCAM apreende pistola calibre .40 após suspeito fugir durante abordagem em Manaus,https://www.acritica.com/policia/rocam-apreende-pistola-calibre-40-apos-suspeito-fugir-durante-abordagem-em-manaus-1.390773,FALSE,noticias_raw_acritica_20251201_20251215.csv,Outros,Não classificado com precisão,Requer análise manual,indefinida,indefinido,NA,idade não informada
emtempo,2025-12-15,Saiba quem é o empresário preso pela PF em Manaus suspeito de ajudar na fuga de Ramagem,https://emtempo.com.br/440007/policia/saiba-quem-e-o-empresario-preso-pela-pf-em-manaus-suspeito-de-ajudar-na-fuga-de-ramagem/,FALSE,noticias_raw_emtempo_20251201_20251215.csv,Outros,Não classificado com precisão,Requer análise manual,indefinida,indefinido,NA,idade não informada
acritica,2025-12-06,Surto de casal mobiliza policiais e bombeiros no HPS João Lúcio,https://www.acritica.com/policia/surto-de-casal-mobiliza-policiais-e-bombeiros-no-hps-jo-o-lucio-1.390738,FALSE,noticias_raw_acritica_20251201_20251215.csv,Outros,Não classificado com precisão,Requer análise manual,indefinida,indefinido,NA,idade não informada
acritica,2025-12-10,Suspeito de assassinar mãe de influencer em Manaus é encontrado morto no Tarumã,https://www.acritica.com/policia/suspeito-de-assassinar-m-e-de-influencer-em-manaus-e-encontrado-morto-no-tarum-1.391005,TRUE,noticias_raw_acritica_20251201_20251215.csv,Crime Letal Violento,Homicídio,Homicídio consumado,extrema,indefinido,NA,idade não informada
emtempo,2025-12-09,Suspeito de estuprar criança de 4 anos no Acre é preso no AM,https://emtempo.com.br/439228/policia/suspeito-de-estuprar-crianca-de-4-anos-no-acre-e-preso-no-am/,FALSE,noticias_raw_emtempo_20251201_20251215.csv,Outros,Não classificado com precisão,Requer análise manual,indefinida,indefinido,4,0-11 (criança)
emtempo,2025-12-09,Suspeito de matar mãe de Isabelly Aurora alega em áudio que vítima teve surto,https://emtempo.com.br/439079/policia/suspeito-de-matar-mae-de-isabelly-aurora-alega-em-audio-que-vitima-teve-surto/,TRUE,noticias_raw_emtempo_20251201_20251215.csv,Crime Letal Violento,Homicídio,Homicídio consumado,extrema,indefinido,NA,idade não informada
emtempo,2025-12-10,Suspeito de matar mãe de Isabelly Aurora é encontrado morto com olhos furados em Manaus,https://emtempo.com.br/439262/policia/suspeito-de-matar-mae-de-isabelly-aurora-e-encontrado-morto-com-olhos-furados-em-manaus/,TRUE,noticias_raw_emtempo_20251201_20251215.csv,Crime Letal Violento,Homicídio,Homicídio consumado,extrema,indefinido,NA,idade não informada
acritica,2025-12-15,Suspeito de roubo é vítima de tentativa de linchamento na zona leste de Manaus,https://www.acritica.com/policia/suspeito-de-roubo-e-vitima-de-tentativa-de-linchamento-na-zona-leste-de-manaus-1.391408,TRUE,noticias_raw_acritica_20251201_20251215.csv,Roubo Violento,Roubo/Assalto,Roubo/assalto com confronto,alta,indefinido,NA,idade não informada
acritica,2025-12-09,"Suspeito disse em áudio que se defendeu após Izabel furar os próprios olhos e atacá-lo, relata filho",https://www.acritica.com/policia/suspeito-disse-em-audio-que-se-defendeu-apos-izabel-furar-os-proprios-olhos-e-ataca-lo-relata-filho-1.390953,FALSE,noticias_raw_acritica_20251201_20251215.csv,Outros,Não classificado com precisão,Requer análise manual,indefinida,masculino,NA,idade não informada
emtempo,2025-12-05,Suspeito é procurado por roubo em ônibus das linhas 650 e 678 em Manaus,https://emtempo.com.br/438564/policia/suspeito-e-procurado-por-roubo-em-onibus-das-linhas-650-e-678-em-manaus/,TRUE,noticias_raw_emtempo_20251201_20251215.csv,Roubo Violento,Roubo/Assalto,Roubo/assalto com confronto,alta,indefinido,NA,idade não informada
d24am,2025-12-12,Suspeito vivia ‘casado’ com menina desde os 11 anos dela e a agredia no AM,https://d24am.com/policia/suspeito-vivia-casado-com-menina-desde-os-11-anos-dela-e-a-agredia-no-am/,FALSE,noticias_raw_d24am_20251201_20251215.csv,Outros,Não classificado com precisão,Requer análise manual,indefinida,feminino,11,0-11 (criança)
emtempo,2025-12-04,‘Talarica!’: acusação de traição termina em agressão dentro de shopping,https://emtempo.com.br/438279/policia/talarica-acusacao-de-traicao-termina-em-agressao-dentro-de-shopping/,FALSE,noticias_raw_emtempo_20251201_20251215.csv,Outros,Não classificado com precisão,Requer análise manual,indefinida,indefinido,NA,idade não informada
acritica,2025-12-09,"""Te amarei para sempre, mãe"", afirma influenciadora que teve a mãe assassinada pelo padrasto",https://www.acritica.com/policia/te-amarei-para-sempre-m-e-afirma-influenciadora-que-teve-a-m-e-assassinada-pelo-padrasto-1.390965,TRUE,noticias_raw_acritica_20251201_20251215.csv,Crime Letal Violento,Homicídio,Homicídio consumado,extrema,indefinido,NA,idade não informada
emtempo,2025-12-04,Técnica que aplicou adrenalina em Benício é suspensa do exercício profissional pelo Coren-AM,https://emtempo.com.br/438316/policia/tecnica-que-aplicou-adrenalina-em-benicio-e-suspensa-do-exercicio-profissional-pelo-coren-am/,FALSE,noticias_raw_emtempo_20251201_20251215.csv,Outros,Não classificado com precisão,Requer análise manual,indefinida,indefinido,NA,idade não informada
d24am,2025-12-13,Tio confessa abuso sexual contra sobrinha de 7 anos e é preso no AM,https://d24am.com/policia/tio-confessa-abuso-sexual-contra-sobrinha-de-7-anos-e-e-preso-no-am/,TRUE,noticias_raw_d24am_20251201_20251215.csv,Violência Sexual,Abuso Sexual,Abuso sexual consumado,muito alta,indefinido,7,0-11 (criança)
emtempo,2025-12-09,TJAM inicia julgamento do massacre que deixou 56 mortos no Compaj,https://emtempo.com.br/439115/policia/tjam-inicia-julgamento-do-massacre-que-deixou-56-mortos-no-compaj/,TRUE,noticias_raw_emtempo_20251201_20251215.csv,Crime Letal Violento,Chacina,Homicídio múltiplo,extrema,indefinido,NA,idade não informada
emtempo,2025-12-15,Torcedor do Cruzeiro atira contra vizinhos após comemoração do Corinthians,https://emtempo.com.br/440044/policia/torcedor-do-cruzeiro-atira-contra-vizinhos-apos-comemoracao-do-corinthians/,FALSE,noticias_raw_emtempo_20251201_20251215.csv,Outros,Não classificado com precisão,Requer análise manual,indefinida,indefinido,NA,idade não informada
acritica,2025-12-05,Três homens são presos por tráfico de drogas dentro de suíte de motel na Ponta Negra,https://www.acritica.com/policia/tres-homens-s-o-presos-por-trafico-de-drogas-dentro-de-suite-de-motel-na-ponta-negra-1.390658,TRUE,noticias_raw_acritica_20251201_20251215.csv,Crime Organizado,Tráfico de Drogas/Facções,Tráfico associado a facção criminosa,alta,indefinido,NA,idade não informada
acritica,2025-12-10,'Tribunal do Crime' executa assassino de Bebel após crime brutal,https://www.acritica.com/policia/tribunal-do-crime-executa-assassino-de-bebel-apos-crime-brutal-1.391052,TRUE,noticias_raw_acritica_20251201_20251215.csv,Crime Letal Violento,Homicídio,Homicídio consumado,extrema,indefinido,NA,idade não informada
d24am,2025-12-12,Trio é preso e 24kg de drogas são apreendidas no porão de barco no AM,https://d24am.com/policia/trio-e-preso-e-24kg-de-drogas-sao-apreendidas-no-porao-de-barco-no-am/,FALSE,noticias_raw_d24am_20251201_20251215.csv,Outros,Não classificado com precisão,Requer análise manual,indefinida,indefinido,NA,idade não informada
emtempo,2025-12-05,"Trio é preso por estupro de adolescente em Autazes, no AM",https://emtempo.com.br/438575/policia/trio-e-preso-por-estupro-de-adolescente-em-autazes-no-am/,TRUE,noticias_raw_emtempo_20251201_20251215.csv,Violência Sexual,Estupro de Vulnerável,Estupro de criança/adolescente,extrema,indefinido,NA,idade não informada
emtempo,2025-12-09,Trio é preso por tentativa de homicídio em UBS de Nova Olinda do Norte,https://emtempo.com.br/439174/policia/trio-preso-tentativa-homicidio-ubs-nova-olinda/,TRUE,noticias_raw_emtempo_20251201_20251215.csv,Crime Letal Violento,Homicídio,Homicídio consumado,extrema,indefinido,NA,idade não informada
acritica,2025-12-12,Trio é preso transportando maconha escondida em geladeira na zona leste de Manaus,https://www.acritica.com/policia/trio-e-preso-transportando-maconha-escondida-em-geladeira-na-zona-leste-de-manaus-1.391216,FALSE,noticias_raw_acritica_20251201_20251215.csv,Outros,Não classificado com precisão,Requer análise manual,indefinida,indefinido,NA,idade não informada
emtempo,2025-12-11,"VÍDEO: Assaltante é espancado após abordar família no Japiim, no AM",https://emtempo.com.br/439509/policia/video-assaltante-e-espancado-apos-abordar-familia-no-japiim-no-am/,TRUE,noticias_raw_emtempo_20251201_20251215.csv,Lesão Corporal Grave,Espancamento,Lesão com agressão física grave,alta,indefinido,NA,idade não informada
d24am,2025-12-12,VÍDEO: câmeras flagram furto de carro estacionado no Adrianópolis em Manaus,https://d24am.com/policia/video-cameras-flagram-furto-de-carro-estacionado-no-adrianopolis-em-manaus/,FALSE,noticias_raw_d24am_20251201_20251215.csv,Outros,Não classificado com precisão,Requer análise manual,indefinida,indefinido,NA,idade não informada
d24am,2025-12-15,VÍDEO: dupla é brutalmente agredida após tentativa de assalto em Manaus,https://d24am.com/policia/video-dupla-e-brutalmente-agredida-apos-tentativa-de-assalto-em-manaus/,TRUE,noticias_raw_d24am_20251201_20251215.csv,Roubo Violento,Roubo/Assalto,Roubo/assalto com confronto,alta,indefinido,NA,idade não informada
d24am,2025-12-15,VÍDEO: goleiro de futebol amador é morto a tiros na zona norte de Manaus,https://d24am.com/policia/video-goleiro-de-futebol-amador-e-morto-a-tiros-na-zona-norte-de-manaus/,TRUE,noticias_raw_d24am_20251201_20251215.csv,Crime Letal Violento,Homicídio,Homicídio consumado,extrema,indefinido,NA,idade não informada
emtempo,2025-12-15,VÍDEO: Goleiro é morto a tiros em bar na Zona Norte de Manaus,https://emtempo.com.br/439988/policia/video-goleiro-e-morto-a-tiros-em-bar-na-zona-norte-de-manaus/,TRUE,noticias_raw_emtempo_20251201_20251215.csv,Crime Letal Violento,Homicídio,Homicídio consumado,extrema,indefinido,NA,idade não informada
d24am,2025-12-11,VÍDEO: homem é baleado e levado no porta-malas de carro em Manaus,https://d24am.com/policia/video-homem-e-baleado-e-levado-no-porta-malas-de-carro-em-manaus/,FALSE,noticias_raw_d24am_20251201_20251215.csv,Outros,Não classificado com precisão,Requer análise manual,indefinida,masculino,NA,idade não informada
d24am,2025-12-13,VÍDEO: homem é executado a tiros ao lado do CSU da Compensa em Manaus,https://d24am.com/policia/video-homem-e-executado-a-tiros-ao-lado-do-csu-da-compensa-em-manaus/,TRUE,noticias_raw_d24am_20251201_20251215.csv,Crime Letal Violento,Homicídio,Homicídio consumado,extrema,masculino,NA,idade não informada
emtempo,2025-12-01,VÍDEO: Homem é preso após matar cachorro estrangulado em Borba,https://emtempo.com.br/437835/policia/video-homem-e-preso-apos-matar-cachorro-estrangulado-em-borba/,TRUE,noticias_raw_emtempo_20251201_20251215.csv,Crime Letal Violento,Homicídio,Homicídio consumado,extrema,masculino,NA,idade não informada
emtempo,2025-12-10,VÍDEO: Marido é detido após queda de mulher do 10º andar,https://emtempo.com.br/439367/policia/homem-preso-feminicidio-maria-katiane-sp/,FALSE,noticias_raw_emtempo_20251201_20251215.csv,Outros,Não classificado com precisão,Requer análise manual,indefinida,feminino,NA,idade não informada
g1_amazonas,2025-12-14,VÍDEO: Motociclista dá tiro para o alto após causar barulho de escapamento para atrapalhar show ao vivo no AM,https://g1.globo.com/am/amazonas/noticia/2025/12/14/video-motociclista-da-tiro-para-o-alto-e-causa-barulho-de-escapamento-para-atrapalhar-show-ao-vivo-no-am.ghtml,FALSE,noticias_raw_g1_amazonas_20251214_20251214.csv,Outros,Não classificado com precisão,Requer análise manual,indefinida,indefinido,NA,idade não informada
d24am,2025-12-15,VÍDEO: motociclista de APP nega ter feito corrida de mulher agredida em Manaus,https://d24am.com/policia/video-motociclista-de-app-nega-ter-feito-corrida-de-mulher-agredida-em-manaus/,FALSE,noticias_raw_d24am_20251201_20251215.csv,Outros,Não classificado com precisão,Requer análise manual,indefinida,feminino,NA,idade não informada
d24am,2025-12-14,VÍDEO: motorista de APP e comparsa armados agridem mulher em Manaus,https://d24am.com/policia/video-motorista-de-app-e-comparsa-armados-agridem-mulher-em-manaus/,FALSE,noticias_raw_d24am_20251201_20251215.csv,Outros,Não classificado com precisão,Requer análise manual,indefinida,feminino,NA,idade não informada
emtempo,2025-12-11,VÍDEO: Motorista na contramão atropela motociclista na Constantino Nery,https://emtempo.com.br/439524/policia/video-motorista-na-contramao-atropela-motociclista-na-constantino-nery/,FALSE,noticias_raw_emtempo_20251201_20251215.csv,Outros,Não classificado com precisão,Requer análise manual,indefinida,indefinido,NA,idade não informada
emtempo,2025-12-04,VÍDEO: Partes de corpo humano são encontradas boiando em rio no Tarumã,https://emtempo.com.br/438413/policia/video-partes-de-corpo-humano-sao-encontradas-boiando-em-rio-no-taruma/,FALSE,noticias_raw_emtempo_20251201_20251215.csv,Outros,Não classificado com precisão,Requer análise manual,indefinida,indefinido,NA,idade não informada
emtempo,2025-12-10,VÍDEO: Suspeito de matar mãe da influenciadora Isabelly Aurora é capturado em Manaus,https://emtempo.com.br/439243/policia/video-suspeito-de-matar-mae-da-influenciadora-isabelly-aurora-e-capturado-em-manaus/,TRUE,noticias_raw_emtempo_20251201_20251215.csv,Crime Letal Violento,Homicídio,Homicídio consumado,extrema,indefinido,NA,idade não informada
emtempo,2025-12-09,VÍDEO: Trio é alvo de ataque a tiros em frente a bar no Amazonas,https://emtempo.com.br/439032/policia/video-trio-e-alvo-de-ataque-a-tiros-em-frente-a-bar-no-amazonas/,FALSE,noticias_raw_emtempo_20251201_20251215.csv,Outros,Não classificado com precisão,Requer análise manual,indefinida,indefinido,NA,idade não informada
g1_amazonas,2025-12-14,VÍDEO: Viatura da PM bate em veículos estacionados durante perseguição em Manaus,https://g1.globo.com/am/amazonas/noticia/2025/12/14/video-viatura-da-pm-bate-em-veiculos-estacionados-durante-perseguicao-em-manaus.ghtml,FALSE,noticias_raw_g1_amazonas_20251214_20251214.csv,Outros,Não classificado com precisão,Requer análise manual,indefinida,indefinido,NA,idade não informada
emtempo,2025-12-15,VÍDEO: Viatura da PM colide com moto e carro durante perseguição em Manaus,https://emtempo.com.br/440021/policia/video-viatura-da-pm-colide-com-moto-e-carro-durante-perseguicao-em-manaus/,FALSE,noticias_raw_emtempo_20251201_20251215.csv,Outros,Não classificado com precisão,Requer análise manual,indefinida,indefinido,NA,idade não informada
emtempo,2025-12-01,Vídeo: Vigilante é morto após briga por vaga de estacionamento,https://emtempo.com.br/437742/policia/vigilante-morto-discussao-estacionamento-palmas/,TRUE,noticias_raw_emtempo_20251201_20251215.csv,Crime Letal Violento,Homicídio,Homicídio consumado,extrema,indefinido,NA,idade não informada
emtempo,2025-12-10,Vigilante morre após ser atingido por carro em cruzamento de Manaus; motorista fugiu,https://emtempo.com.br/439269/policia/vigilante-morre-apos-ser-atingido-por-carro-em-cruzamento-de-manaus-motorista-fugiu/,FALSE,noticias_raw_emtempo_20251201_20251215.csv,Outros,Não classificado com precisão,Requer análise manual,indefinida,indefinido,NA,idade não informada
emtempo,2025-12-01,Vítima de ataque em SP passa por amputação das pernas,https://emtempo.com.br/437769/policia/homem-arrasta-mulher-marginal-tiete-termino/,FALSE,noticias_raw_emtempo_20251201_20251215.csv,Outros,Não classificado com precisão,Requer análise manual,indefinida,indefinido,NA,idade não informada
